id,game_title,sub_title,game_system,genre,now_playing,game_status,game_hours,game_minutes,playtime_calc,add_date,start_date,beat_date,complete_date,game_notes
1,Time Crisis 2,,ARC,Light gun shooter,N,Completed,,,,,,,,"Played through the entire game (with quarters!) Back in the late 90s as an 8 year old, myself, a fellow 3rd grade friend, and two of our summer camp junior counselors played through this game all the way at the arcade, rotating 2-and-2 when we died...just for the quality of the experience back then, this game gets 5 stars."
2,Guild Wars 2,,PC,MMORPG,N,Infinite,260,23,Actual,,,,,
3,MapleStory,,PC,MMORPG,N,Infinite,4156,0,Estimate,,,,,"My most played game. 2156 hours tracked via Xfire, estimated 2000 more before/after the Xfire days."
4,Need for Speed II,,PC,Racing,N,Completed,,,,,,,7/10/13,
5,RollerCoaster Tycoon,,PC,Simulation,N,Beaten,,,,,,7/10/13,,
6,StarCraft,,PC,Real-time strategy,N,Completed,,,,,,,2/15/13,
7,Dr. Mario,,NES,Puzzle,N,Infinite,,,,,,,,
8,Excitebike,,NES,Racing,N,Infinite,,,,,,,,
9,Ivan 'Ironman' Stewart's Super Off Road,,NES,Racing,N,Completed,,,,,,,,
10,Kirby's Adventure,,NES,Platformer,N,Completed,,,,,,,,
11,Marble Madness,,NES,Platformer,N,Completed,,,,,,,,
12,Super Mario Bros.,,NES,Platformer,N,Completed,,,,,,,,
13,Dr. Robotnik's Mean Bean Machine,,GEN,Puzzle,N,Beaten,,,,,,,,
14,Sonic 3D Blast,,GEN,Platformer,N,Completed,,,,,,,6/28/13,
15,Sonic Spinball,,GEN,Pinball,N,Completed,,,,,,,,
16,Sonic the Hedgehog,,GEN,Platformer,N,Beaten,,,,,,,,
17,Sonic the Hedgehog 2,,GEN,Platformer,N,Completed,,,,,,,,
18,1080 Snowboarding,,N64,Racing,N,Completed,,,,,,,,
19,Beetle Adventure Racing!,,N64,Racing,N,Completed,,,,,,,,
20,Diddy Kong Racing,,N64,Racing,N,Completed,,,,,,,,
21,Madden '99,,N64,Sports,N,Beaten,,,,,,,,
22,Mario Golf,,N64,Sports,N,Completed,,,,,,,,
23,Mario Kart 64,,N64,Racing,N,Completed,,,,,,,,
24,Mario Party,,N64,Party,N,Completed,,,,,,,,
25,Mario Tennis,,N64,Sports,N,Beaten,,,,,,,,
26,Mischief Makers,,N64,Platformer,N,Beaten,,,,,,,,
27,Off Road Challenge,,N64,Racing,N,Completed,,,,,,,,
28,Paper Mario,,N64,RPG,N,Beaten,22,58,Actual,,,,,
29,Pokemon Snap,,N64,Simulation,N,Completed,,,,,,,,
30,Pokemon Stadium,,N64,RPG,N,Beaten,,,,,,,,
31,Star Fox 64,,N64,Rail shooter,N,Completed,,,,,,,,
32,Super Mario 64,,N64,Platformer,N,Completed,,,,,,,,
33,The Legend of Zelda: Ocarina of Time,,N64,Action-adventure,N,Beaten,,,,,,,,
34,Wave Race 64,,N64,Racing,N,Completed,,,,,,,,
35,Yoshi's Story,,N64,Platformer,N,Beaten,,,,,,,,
36,Bugs Bunny in Double Trouble,,GG,Platformer,N,Completed,,,,,,,,
37,Ms. PAC-MAN,,GG,Maze,N,Infinite,,,,,,,,
38,Sonic 2,,GG,Platformer,N,Beaten,,,,,,,,
39,Sonic Chaos,,GG,Platformer,N,Beaten,,,,,,,,
40,Sonic Labyrinth,,GG,Puzzle,N,Completed,,,,,,,5/29/14,
41,Sonic the Hedgehog: Triple Trouble,,GG,Platformer,N,Beaten,,,,,,,,
42,Super Columns,,GG,Puzzle,N,Infinite,,,,,,,,
43,Need for Speed III: Hot Pursuit,,PC,Racing,N,Completed,,,,3/25/98,1/25/19,1/26/19,1/28/19,
44,F-1 Race,,GBC,Racing,N,Completed,,,,,,,5/27/14,
45,Kirby Tilt 'n' Tumble!,,GBC,Puzzle,N,Completed,,,,,,,,
46,Kirby's Dream Land,,GBC,Platformer,N,Completed,,,,,,,,
47,Kirby's Pinball Land,,GBC,Pinball,N,Completed,,,,,,,,
48,Marble Madness,,GBC,Platformer,N,Completed,,,,,,,,
49,Mario Golf,,GBC,Sports,N,Completed,,,,,,,,
50,Pokemon Pinball,,GBC,Pinball,N,Beaten,,,,,,,,
51,Pokemon Red,,GBC,RPG,N,Beaten,,,,,,,,
52,Pokemon Silver,,GBC,RPG,N,Completed,,,,,,,,
53,Pokemon Trading Card Game,,GBC,TCG,N,Completed,,,,,,,,
54,Pokemon Yellow,,GBC,RPG,N,Beaten,,,,,,,,
55,Super Mario Land,,GBC,Platformer,N,Completed,,,,,,,,
56,Super Mario Land 2: Six Golden Coins,,GBC,Platformer,N,Completed,,,,,,,,
57,The Legend of Zelda: Link's Awakening,,GBC,Action-adventure,N,Completed,,,,,,,,
58,Crazy Taxi,,DC,Racing,N,Completed,,,,,,,,
59,Gauntlet Legends,,DC,Hack & Slash,N,Completed,,,,,,,,
60,Hydro Thunder,,DC,Racing,N,Completed,,,,,,,,
61,Matt Hoffman's Pro BMX,,DC,Sports,N,Completed,,,,,,,,
62,NFL 2K1,,DC,Sports,N,Beaten,,,,,,,,
63,Power Stone,,DC,Fighting,N,Completed,,,,,,,,
64,Power Stone 2,,DC,Fighting,N,Beaten,,,,,,,,
65,Q*bert,,DC,Puzzle,N,Completed,,,,,,,,
66,Sega Bass Fishing,,DC,Sports,N,Completed,,,,,,,,
67,Sega GT,,DC,Racing,N,Beaten,,,,,,,,
68,Sonic Adventure,,DC,Platformer,N,Completed,,,,,,,12/1/12,
69,Virtua Tennis,,DC,Sports,N,Completed,,,,,,,,
70,Advance Wars,,GBA,Turn-based tactics,N,Completed,55,0,Actual,,,,,Playtime estimated...but it's a true 100%.
71,Advance Wars 2: Black Hole Rising,,GBA,Turn-based tactics,N,Completed,45,0,Actual,,,,,Playtime estimated...but it's a true 100%.
72,Final Fantasy,,GBA,JRPG,N,Completed,21,39,Actual,,,,,
73,Final Fantasy II,,GBA,JRPG,N,Completed,6,13,Actual,,,,,
74,Final Fantasy IV,,GBA,JRPG,N,Completed,35,7,Actual,,,,,
75,Final Fantasy Tactics Advance,,GBA,Turn-based tactics,N,Completed,97,35,Actual,,,,,
76,Final Fantasy V,,GBA,JRPG,N,Beaten,32,9,Actual,,,,,
77,F-Zero: Maximum Velocity,,GBA,Racing,N,Completed,,,,,,,,
78,Golden Sun,,GBA,JRPG,N,Completed,29,59,Actual,,,,,
79,Golden Sun: The Lost Age,,GBA,JRPG,N,Mastered,54,0,Actual,,,,,Playtime estimated...but it's a true 100%.
80,Kirby & The Amazing Mirror,,GBA,Platformer,N,Completed,,,,,,,,
81,Kirby: Nightmare in Dream Land,,GBA,Platformer,N,Completed,,,,,,,,
82,Mario vs. Donkey Kong,,GBA,Puzzle,N,Completed,,,,,,,,
83,Matt Hoffman's Pro BMX,,GBA,Sports,N,Completed,,,,,,,,
84,Metal Slug Advance,,GBA,Shoot 'em up,N,Beaten,,,,,,,,
85,Pokemon Ruby,,GBA,RPG,N,Completed,300,0,Estimate,,,,,Top 10 most regrettable trade-ins...playtime estimated.
86,Super Mario World: Super Mario Advance 2,,GBA,Platformer,N,Completed,,,,,,,,
87,The Legend of Zelda: A Link to the Past/Four Swords,,GBA,Action-adventure,N,Completed,,,,,,,,
88,"Wario Ware, Inc. Mega Microgame$!",,GBA,Rhythm,N,Completed,,,,,,,,
89,Animal Crossing,,GCN,Simulation,N,Infinite,,,,,,,,
90,Baten Kaitos: Eternal Wings and the Lost Ocean,,GCN,JRPG,N,Beaten,,,,,,,,
91,Donkey Konga,,GCN,Rhythm,N,Beaten,,,,,,,,
92,Final Fantasy Crystal Chronicles,,GCN,JRPG,N,Completed,,,,,,,,
93,Hello Kitty: Roller Rescue,,GCN,Platformer,N,Completed,,,,,,,,
94,Kirby Air Ride,,GCN,Racing,N,Completed,,,,,,,,
95,Luigi's Mansion,,GCN,Action-adventure,N,Completed,,,,,,,,
96,Mario Golf Toadstool Tour (Target Special Edition),,GCN,Sports,N,Beaten,,,,,,,,
97,Mario Kart: Double Dash!!,,GCN,Racing,N,Completed,,,,,,,,
98,Metroid Prime,,GCN,Metroidvania,N,Completed,14,20,Actual,,,,,
99,Metroid Prime 2: Echoes,,GCN,Metroidvania,N,Beaten,14,34,Actual,,,,,
100,PAC-MAN World 2,,GCN,Platformer,N,Beaten,10,42,Actual,,,,,
101,Paper Mario: The Thousand Year Door,,GCN,RPG,N,Beaten,22,44,Actual,,,,,
102,Pikmin,,GCN,Real-time strategy,N,Completed,,,,,,,,
103,Shadow the Hedgehog,,GCN,Platformer,N,Completed,,,,,,,,
104,Sonic Adventure 2: Battle,,GCN,Platformer,N,Beaten,24,55,Actual,,,,,
105,Super Mario Sunshine,,GCN,Platformer,N,Completed,,,,,,,,
106,Super Monkey Ball 2,,GCN,Platformer,N,Completed,,,,,,,,
107,Super Smash Bros. Melee,,GCN,Fighting,N,Completed,286,14,Actual,,,,,
108,The Legend of Zelda: Four Swords Adventures,,GCN,Action-adventure,N,Completed,,,,,,,,
109,The Legend of Zelda: Twilight Princess,,GCN,Action-adventure,N,Beaten,,,,,,,,
110,The Legend of Zelda: Wind Waker,,GCN,Action-adventure,N,Beaten,,,,,,,,
111,Tony Hawk's Pro Skater 4,,GCN,Sports,N,Completed,,,,,,,,
112,Wario Ware Inc: Mega Party Games!,,GCN,Rhythm,N,Beaten,,,,,,,,
113,ATV Offroad Fury 3,,PS2,Racing,N,Completed,18,20,Actual,,,,,
114,Dance Dance Revolution Extreme (JP),,PS2,Rhythm,N,Completed,,,,,,,,
115,Dance Dance Revolution Extreme 2,,PS2,Rhythm,N,Mastered,,,,,,,,
116,Dance Dance Revolution SuperNOVA,,PS2,Rhythm,N,Completed,,,,,,,,
117,Dance Dance Revolution SuperNOVA 2,,PS2,Rhythm,N,Completed,,,,,,,,
118,Dance Dance Revolution X,,PS2,Rhythm,N,Completed,,,,,,,,
119,DDRMAX: Dance Dance Revolution,,PS2,Rhythm,N,Mastered,,,,,,,,
120,DDRMAX2: Dance Dance Revolution (JP),,PS2,Rhythm,N,Mastered,,,,,,,,
121,Devil May Cry,,PS2,Hack & Slash,N,Beaten,6,11,Actual,,10/28/13,10/31/13,,
122,Devil May Cry 2,,PS2,Hack & Slash,N,Beaten,3,34,Actual,,10/31/13,11/14/13,,
123,DT Racer,,PS2,Racing,N,Completed,,,,,,,,
124,Duel Masters,,PS2,TCG,N,Beaten,,,,,,,,
125,Final Fantasy IX,,PS,JRPG,N,Beaten,35,21,Actual,,,,,
126,Final Fantasy V,,PS,JRPG,N,Beaten,,,,,,,,
127,Final Fantasy VI,,PS,JRPG,N,Beaten,28,3,Actual,,,,,
128,Final Fantasy VII,,PS,JRPG,N,Beaten,30,20,Actual,,,,,
129,Final Fantasy VIII,,PS,JRPG,N,Beaten,36,9,Actual,,,,,
130,Final Fantasy X,,PS2,JRPG,N,Beaten,32,35,Actual,,,,,
131,Final Fantasy X-2,,PS2,JRPG,N,Beaten,18,49,Actual,,,10/9/13,,
132,Final Fantasy XII: Collector's Edition,,PS2,JRPG,N,Beaten,62,43,Actual,,,,,
133,In The Groove,,PS2,Rhythm,N,Beaten,,,,,,,,
134,Kingdom Hearts,,PS2,Action RPG,N,Beaten,26,58,Actual,,,5/23/13,,
135,Kingdom Hearts II,,PS2,Action RPG,N,Beaten,30,37,Actual,,5/23/13,7/25/13,,
136,NCAA Football 06,,PS2,Sports,N,Beaten,,,,,,,,
137,Sly 2: Band of Thieves,,PS2,Stealth,N,Completed,11,18,Actual,,,,,
138,Sly Cooper and the Thievius Raccoonus,,PS2,Stealth,N,Completed,,,,,,,,
139,Spy Hunter,,PS2,Vehicular combat,N,Completed,,,,,,,,
140,Star Wars Battlefront II,,PS2,TPS,N,Beaten,19,17,Actual,,,,,
141,Advance Wars: Days of Ruin,,NDS,Turn-based tactics,N,Beaten,50,49,Actual,,,,,
142,Advance Wars: Dual Strike,,NDS,Turn-based tactics,N,Beaten,140,58,Actual,,,,,
143,Animal Crossing: Wild World,,NDS,Simulation,N,Infinite,,,,,,,,
144,Big Brain Academy,,NDS,Puzzle,N,Completed,,,,,,,,
145,Bomberman,,NDS,Action,N,Completed,3,21,Actual,,,,,
146,Chrono Trigger,,NDS,JRPG,N,Beaten,17,27,Actual,,1/8/13,1/25/13,,
147,Final Fantasy III,,NDS,JRPG,N,Beaten,35,12,Actual,,,,,
148,Final Fantasy Tactics A2: Grimoire of the Rift,,NDS,Turn-based tactics,N,Completed,108,59,Actual,,,9/3/13,2/18/16,
149,Golden Sun: Dark Dawn,,NDS,JRPG,N,Beaten,27,40,Actual,,,,,
150,Kirby Squeak Squad,,NDS,Platformer,N,Completed,,,,,,,,
151,Kirby Super Star Ultra,,NDS,Platformer,N,Completed,,,,,,,,
152,Mario Kart DS,,NDS,Racing,N,Completed,,,,,,,,
153,New Super Mario Bros.,,NDS,Platformer,N,Completed,,,,,,,,
154,Nintendogs: Lab & Friends,,NDS,Simulation,N,Beaten,,,,,,,,
155,Pokemon Diamond,,NDS,RPG,N,Beaten,400,0,Estimate,,,,,Not sure where this is...
156,Pokemon Platinum,,NDS,RPG,N,Beaten,219,6,Actual,,,,,
157,Pokemon Soul Silver,,NDS,RPG,N,Beaten,35,27,Actual,,5/2/13,5/13/13,,
158,Polarium,,NDS,Puzzle,N,Completed,33,28,Actual,,,,,
159,Rayman DS,,NDS,Platformer,N,Beaten,,,,,,,,
160,Ridge Racer DS,,NDS,Racing,N,Completed,,,,,,,,
161,Sonic Chronicles,,NDS,RPG,N,Beaten,7,42,Actual,,,,,
162,Sonic Rush,,NDS,Platformer,N,Beaten,5,22,Actual,,,7/30/13,,
163,Super Mario 64DS,,NDS,Platformer,N,Completed,,,,,,,,
164,Tetris DS,,NDS,Puzzle,N,Completed,,,,,,,,22422 Tetris Points
165,The Legend of Zelda: Phantom Hourglass,,NDS,Action-adventure,N,Completed,,,,,,,,
166,The Legend of Zelda: Spirit Tracks,,NDS,Action-adventure,N,Beaten,18,17,Actual,,,,,
167,Wario Ware: Touched!,,NDS,Rhythm,N,Completed,,,,,,,,
168,Sonic and the Black Knight,,Wii,Platformer,N,Beaten,2,36,Actual,,1/27/13,1/29/13,,
169,Sonic Colors,,Wii,Platformer,N,Beaten,2,22,Actual,,,4/28/13,,
170,Mario Kart 64,,VC,Racing,N,Completed,20,49,Actual,,,,,
171,Gradius,,VC,Shoot 'em up,N,Beaten,1,9,Actual,12/25/06,12/25/06,12/25/06,,
172,Gunstar Heroes,,VC,Platformer,N,Beaten,8,31,Actual,12/25/06,12/25/06,12/25/06,,
173,Super Mario Bros.,,VC,Platformer,N,Completed,7,44,Actual,12/25/06,12/25/06,,,
174,Wii Sports,,Wii,Sports,N,Infinite,111,31,Actual,12/25/06,12/25/06,,,
175,WarioWare: Smooth Moves,,Wii,Rhythm,N,Completed,7,32,Actual,4/1/07,4/1/07,4/1/07,7/1/07,
176,Super Paper Mario,,Wii,RPG,N,Completed,29,57,Actual,4/9/07,4/9/07,4/30/07,3/1/08,
177,Boxed In,,iPod,Puzzle,N,Completed,,,,,,,,
178,Trace,,iPod,Platformer,N,Completed,,,,,,,,
179,Pokemon Battle Revolution,,Wii,RPG,N,Beaten,13,8,Actual,7/1/07,7/1/07,7/1/07,,
180,Super Mario Bros. 2 (The Lost Levels),,VC,Platformer,N,Beaten,7,12,Actual,11/1/07,11/1/07,2/15/13,,
181,Super Mario Bros. 3,,VC,Platformer,N,Completed,10,4,Actual,11/1/07,11/1/07,4/7/12,,
182,Super Mario Galaxy,,Wii,Platformer,N,Completed,51,55,Actual,11/1/07,11/1/07,12/1/07,7/16/08,
183,Super Monkey Ball: Banana Blitz,,Wii,Platformer,N,Completed,18,12,Actual,11/1/07,11/1/07,11/1/07,5/1/08,
184,Madden 08,,Wii,Sports,N,Beaten,30,0,Actual,12/25/07,12/25/07,12/25/07,,
185,Wii Play,,Wii,Party,N,Completed,3,35,Actual,12/25/07,12/25/07,12/25/07,12/25/07,
186,StarTropics,,VC,Action-adventure,N,Infinite,7,35,Actual,1/1/08,1/1/08,,,
187,Super Smash Bros. Brawl,,Wii,Fighting,N,Beaten,289,11,Actual,3/9/08,3/9/08,3/9/08,,
188,Guitar Hero III: Legends of Rock,,Wii,Rhythm,N,Beaten,22,36,Actual,3/10/08,3/10/08,3/10/08,,
189,Mario Kart Wii,,Wii,Racing,N,Completed,80,38,Actual,5/29/08,5/29/08,5/29/08,6/8/08,
190,Beat Hazard,,Steam,Rhythm,N,Beaten,,,,,,,,
191,BIT.TRIP BEAT,,Steam,Rhythm,N,Beaten,,,,,,6/7/13,,
192,Blur,,Steam,Racing,N,Beaten,,,,,,,,
193,Bomb Sworders,,Steam,Action,N,Wish List,,,,,,,,
194,Bullet Candy,,Steam,Shoot 'em up,N,Beaten,,,,,,,,
195,Chime,,Steam,Puzzle,N,Beaten,,,,,,,,
196,Cogs,,Steam,Puzzle,N,Beaten,,,,,11/23/12,11/23/12,,
197,Pinball FX2,Core Pack,Steam,Pinball,N,Beaten,,,,,,11/24/13,,
198,Counter-Strike: Source,,Steam,FPS,N,Infinite,,,,,,,,
199,Counter-Strike: Source Beta,,Steam,FPS,N,Infinite,,,,,,,,
200,Darwinia,,Steam,Real-time strategy,N,Infinite,,,,,,,,
201,Day of Defeat: Source,,Steam,FPS,N,Beaten,,,,,,,,
202,DEFCON,,Steam,Real-time strategy,N,Beaten,,,,,,11/23/12,,
203,DiRT 3 Complete Edition,,Steam,Racing,N,Beaten,,,,,,,,
204,Droplitz,,Steam,Puzzle,N,Beaten,,,,,,,,
205,Due Process,,Steam,FPS,N,Wish List,,,,,,,,
206,Dunk Lords,,Steam,Sports,N,Wish List,,,,,,,,
207,Pinball FX2,Earth Defense Table,Steam,Pinball,N,Beaten,,,,,,11/24/13,,
208,Eufloria,,Steam,Real-time strategy,N,Beaten,,,,,,2/28/13,,
209,Eufloria HD,,Steam,Real-time strategy,N,Beaten,,,,,,7/12/15,,
210,Galcon Fusion,,Steam,Real-time strategy,N,Beaten,,,,,,,,
211,Geometry Wars: Retro Evolved,,Steam,Shoot 'em up,N,Completed,,,,,,,11/24/12,
212,Grand Theft Auto,,Steam,Action-adventure,N,Infinite,,,,,,,,
213,Grand Theft Auto III,,Steam,Action-adventure,N,Beaten,,,,,7/17/13,7/19/13,,
214,Grand Theft Auto: San Andreas,,Steam,Action-adventure,N,Beaten,,,,,,,,
215,Grand Theft Auto: Vice City,,Steam,Action-adventure,N,Beaten,,,,,9/22/13,8/15/14,,
216,Half-Life 2,,Steam,FPS,N,Beaten,,,,,,,,
217,Half-Life 2: Deathmatch,,Steam,FPS,N,Infinite,,,,,,,,
218,Half-Life 2: Episode One,,Steam,FPS,N,Beaten,,,,,,2/22/13,,
219,Half-Life 2: Episode Two,,Steam,FPS,N,Beaten,,,,,2/22/13,2/24/13,,
220,Lumines,,Steam,Puzzle,N,Beaten,,,,,,11/23/12,,
221,Pinball FX2,Paranormal Table,Steam,Pinball,N,Beaten,,,,,,11/24/13,,
222,Plain Sight,,Steam,Action,N,Beaten,,,,,,,,
223,Portal,,Steam,Puzzle,N,Beaten,,,,,,,,
224,Portal 2,,Steam,Puzzle,N,Beaten,,,,,,7/10/13,,
225,Puzzle Agent,,Steam,Puzzle,N,Completed,,,,,3/8/13,3/10/13,3/10/13,
226,Puzzle Dimension,,Steam,Puzzle,N,Beaten,,,,,,3/19/13,,
227,QuantZ,,Steam,Puzzle,N,Beaten,,,,,,,,
228,Rhythm Zone,,Steam,Rhythm,N,Beaten,,,,,,,,
229,Sid Meier's Civilization 5,,Steam,Turn-based strategy,N,Beaten,,,,,,,,
230,Pinball FX2,Sorcerer's Lair,Steam,Pinball,N,Beaten,,,,,,11/24/13,,
231,Super Laser Racer,,Steam,Racing,N,Beaten,,,,,,,,
232,Team Fortress 2,,Steam,FPS,N,Beaten,,,,,,,,
233,Torchlight,,Steam,Action RPG,N,Completed,,,,,,3/8/13,1/7/18,
234,Turba,,Steam,Puzzle,N,Beaten,,,,,,,,
235,VVVVVV,,Steam,Platformer,N,Beaten,,,,,,,,
236,Pinball FX2,Zen Classics Pack,Steam,Pinball,N,Beaten,,,,,,11/24/13,,
237,Wii Sports Resort,,Wii,Sports,N,Infinite,44,26,Actual,10/22/09,10/22/09,10/22/09,10/22/09,
238,Mario Golf,,VC,Sports,N,Completed,60,8,Actual,12/25/09,12/25/09,12/25/09,12/31/16,
239,Mega Man 9,,VC,Platformer,N,Beaten,28,43,Actual,12/25/09,12/25/09,3/15/13,,
240,Call of Duty: Black Ops,,360,FPS,N,Beaten,183,21,Actual,,,,,"Beat on Regular difficulty. I thought the campaign was really fantastic. This was the first FPS I ever really played thoroughly, getting to 4th prestige (for whatever reason XD), but I had a good time with this game."
241,Call of Duty: Black Ops II,,360,FPS,N,Beaten,204,2,Actual,,,,,"Master Prestige, Rank 6 Silver. I love CoD."
242,Call of Duty: Modern Warfare 2,,360,FPS,N,Beaten,11,14,Actual,,,,,Woohoo! Black Ops and MW3 are still my games of choice.
243,Call of Duty: Modern Warfare 3,,360,FPS,N,Beaten,151,13,Actual,,,,,"6th prestige, level 41. Really cool campaign. Can''t wait to finish the first two games now so I know what just happened. XD"
244,Devil May Cry 4,,360,Hack & Slash,N,Infinite,,,,,,,,"Let my cousin play it and now I can''t find it!? T_T Might need to rebuy. Just from what I gathered watching my cousin play, the game is fantastic."
245,DiRT,,360,Racing,N,Completed,16,38,Actual,,,,,ONE THOUSAND MILES.Actually turned out to be pretty fantastic once it grew on me. Screw Rally Raid. XD 
246,DiRT 2,,360,Racing,N,Completed,20,0,Actual,,,,,"Missions with Brando. XD After playing, 3, Showdown, and 1 in that order, 2 might actually be my favorite of them all. Even though I love all 4 in the series."
247,DiRT 3,,360,Racing,N,Completed,67,13,Actual,,,,,"Rep 30, Fanbase 40. The best racing game I''ve played in a long, long time."
248,DiRT Showdown,,360,Racing,N,Completed,40,5,Actual,,,,,"Racenet Team Championship. DiRT 3 definitely wins for realistic car control, but the fireworks and amazing gameplay make me fall in love with this spinoff. Another awesome racing game."
249,Final Fantasy XIII,,360,JRPG,N,Completed,109,28,Actual,,,,7/15/13,"Treasure Hunter was merciless. I can''t even begin to describe how much I love this game. Everyone hated on the open world, but I thought the story should have more than made up for it, and I actually kinda liked the linearity."
250,Final Fantasy XIII-2: Collector's Edition,,360,JRPG,N,Completed,62,26,Actual,,,,,1000 GS and 160 fragments in 62:26:16! :D
251,Forza Horizon,,360,Racing,N,Completed,28,50,Actual,,12/3/12,12/5/12,12/7/12,"Yellow 25 in multiplayer. Horrible collision, excellent and fun game, DLC costs way too much and I''m not paying for it."
252,Marvel vs. Capcom 3: Fate of Two Worlds,,360,Fighting,N,Beaten,31,14,Actual,,,,,"Beat Arcade mode on Easy :P Worst game ever. Trololololololol XD such a rage game. Blast with friends, it''s really that simple. This game can and will make you hate things though."
253,Street Fighter IV,,360,Fighting,N,Beaten,,,,,,,,Beat arcade mode or something. Bleh. Not really a Street Fighter kind of player. It's an okay game. More fun to watch high-level players.
254,Tekken 6,,360,Fighting,N,Beaten,0,31,Actual,,,,,"Beat something. Bleh, I''m not much of a Tekken player. But I love Eddy!"
255,Ultimate Marvel vs. Capcom 3,,360,Fighting,N,Beaten,5,12,Actual,,,,,I don't play this game. XD RAGE.
256,Virtua Tennis 3,,360,Sports,N,Beaten,13,9,Actual,,,,,"#1 Rank! :D Still need the other half of the achievements. I actually prefer the gameplay of the original Virtua Tennis for Dreamcast, but the career mode in this game is quite well done."
257,Wii Fit Plus,,Wii,Simulation,N,Infinite,32,52,Actual,1/1/10,1/1/10,1/1/10,1/1/10,
258,Crazy Taxi,,XBLA,Racing,N,Completed,,,,,,,,
259,Daytona USA,,XBLA,Racing,N,Completed,,,,,,,,
260,Happy Wars,,XBLA,Action,N,Beaten,,,,,,,,
261,Ms. PAC-MAN,,XBLA,Maze,N,Completed,,,,,,,,
262,PAC-MAN Championship Edition DX+,,XBLA,Maze,N,Completed,,,,,,,,
263,Sonic Adventure DX: Director's Cut,,XBLA,Platformer,N,Completed,30,56,Actual,,,,,
264,Pokemon GO,,Droid,Augmented reality,N,Infinite,,,,,,,,
265,Super Mario Galaxy 2,,Wii,Platformer,N,Completed,37,30,Actual,5/26/10,5/26/10,6/5/10,5/26/13,
266,New Super Mario Bros. Wii,,Wii,Platformer,N,Beaten,2,28,Actual,6/28/10,6/28/10,6/28/10,,
267,StarCraft II: Heart of the Swarm,,BNet,Real-time strategy,N,Beaten,,,,,,,,Waiting for the Void.
268,StarCraft II: Legacy of the Void,,BNet,Real-time strategy,N,Not Started,,,,,,,,Haven't started.
269,StarCraft II: Wings of Liberty,,BNet,Real-time strategy,N,Beaten,,,,,,,,ggwp. Definitely back into StarCraft. ^_^
270,Metroid Prime 3: Corruption,,Wii,Metroidvania,N,Beaten,24,5,Actual,12/25/10,12/25/10,4/12/13,,
271,Balloon Fight,,VCH,Platformer,N,Infinite,,,,,,,,
272,Donkey Kong Jr.,,VCH,Platformer,N,Infinite,,,,,,,,
273,Find Mii,,3DS,RPG,N,Completed,,,,,,,7/10/13,Got all the helmets!
274,Find Mii 2,,3DS,RPG,N,Completed,,,,,,7/10/13,11/8/13,"All hats! :D StreetPass games, yay! This''ll always be a classic."
275,Fire Emblem: The Sacred Stones,,VCH,Turn-based tactics,N,Beaten,24,10,Actual,,,,,
276,F-Zero: Maximum Velocity,,VCH,Racing,N,Beaten,,,,,,,,
277,Ice Climber,,VCH,Platformer,N,Infinite,,,,,,,,
278,Kirby & The Amazing Mirror,,VCH,Platformer,N,Completed,6,20,Actual,,,,,
279,Mario & Luigi: Bowser's Inside Story,,3DS,RPG,N,Wish List,,,,,,,,
280,Mario and Donkey Kong: Minis on the Move,,3DS,Puzzle,N,Beaten,,,,,,,,30 stars.
281,Mario Golf,,VCH,Sports,N,Completed,5,46,Actual,,,,,
282,Mario Kart: Super Circuit,,VCH,Racing,N,Beaten,1,47,Actual,,,11/25/12,,
283,Mario vs. Donkey Kong,,VCH,Puzzle,N,Beaten,4,20,Actual,,,,,
284,Mega Man,,VCH,Platformer,N,Completed,2,23,Actual,,,,,
285,Metroid,,VCH,Metroidvania,N,Beaten,5,8,Actual,,3/12/13,3/15/13,,
286,Metroid Fusion,,VCH,Metroidvania,N,Beaten,10,47,Actual,,1/29/13,2/6/13,,
287,Mii Force,,3DS,Shoot 'em up,N,Completed,,,,,11/1/13,11/6/13,1/27/14,Hard Arcade mode. Shmup with streetpasses. PERFECT.
288,Monster Manor,,3DS,Puzzle,N,Completed,,,,,11/1/13,12/5/13,3/17/14,Thanks BB!
289,NES Open Tournament Golf,,VCH,Sports,N,Beaten,,,,,,,,
290,Pokemon Omega Ruby,,3DS,RPG,N,Beaten,26,57,Actual,,12/2/14,4/4/15,,Battle Resort! Champion in 17:00!
291,Puzzle Swap,,3DS,Puzzle,N,Completed,188,,Actual,,,7/10/13,11/13/13,929/929.
292,Super Mario Bros.,,VCH,Platformer,N,Completed,,,,,,,2/6/13,
293,The Legend of Zelda,,VCH,Action-adventure,N,Beaten,7,11,Actual,,,,,
294,The Legend of Zelda: Four Swords 25th Anniversary Edition,,3DS,Action-adventure,N,Beaten,18,51,Actual,,,,,"Silver keys + 5 medals. You don''t know how many medals of courage I stole from people as a 5th grader. XD So when I realized that this was a FREE DOWNLOAD, I freaked out. One of the best multiplayer games ever."
295,The Legend of Zelda: The Minish Cap,,VCH,Action-adventure,N,Beaten,13,18,Actual,,,,,
296,The Legend of Zelda: Tri-Force Heroes,,3DS,Action-adventure,N,Beaten,16,23,Actual,,,11/18/15,,Outfits.
297,Wario Land 4,,VCH,Platformer,N,Beaten,8,28,Actual,,12/7/12,,,
298,"Wario Ware, Inc. Mega Microgame$!",,VCH,Rhythm,N,Beaten,,,,,,,,
299,Warrior's Way,,3DS,Simulation,N,Completed,,,,,11/1/13,11/29/13,9/12/14,IT'S OVER.
300,Wrecking Crew,,VCH,Platformer,N,Infinite,,,,,,,,
301,Yoshi,,VCH,Puzzle,N,Infinite,,,,,,,,
302,Yoshi's Island: Super Mario Advance 3,,VCH,Platformer,N,Beaten,7,47,Actual,,,12/21/12,,
303,Zelda II: The Adventure of Link,,VCH,Action-adventure,N,Beaten,7,54,Actual,,,,,
304,Asura's Wrath,,PS3,Beat 'em up,N,Beaten,,,,,,,,
305,Twisted Metal,,PS3,Vehicular combat,N,Beaten,,,,,,,,
306,Hexic HD,,XBLA,Puzzle,N,Beaten,,,,11/28/12,,,,
307,Assassin's Creed III,,360,Stealth,N,Beaten,11,18,Actual,12/11/12,12/26/12,2/14/13,,"I''ve never played a game like this before, and it was very, very sweet."
308,Donkey Kong Country,,SNES,Platformer,N,Beaten,,,,12/20/12,,,,
309,Kirby's Avalanche,,SNES,Puzzle,N,Beaten,,,,12/20/12,,,,
310,Super Mario Advance: Super Mario Bros. 2,,GBA,Platformer,N,Completed,,,,12/20/12,,,,
311,Super Mario Bros. 2,,NES,Platformer,N,Completed,,,,12/20/12,,,,
312,Super Mario Bros. 3,,NES,Platformer,N,Completed,,,,12/20/12,,,,
313,Super Mario World 2: Yoshi's Island,,SNES,Platformer,N,Completed,,,,12/20/12,,,,
314,Paper Mario: Sticker Star,,3DS,RPG,N,Completed,29,4,Actual,12/25/12,12/25/12,1/1/13,1/3/13,8/8 super flags in 29:04! Absolute joy to play. Paper Mario strikes again!
315,Forza Motorsport 3,,360,Racing,N,Beaten,,,,12/26/12,,1/16/13,,Won R1 championship. Very solid racing game. Nearly perfect...just needs more track variety. Got very stale after season 3.
316,Half-Life 2: Lost Coast,,Steam,FPS,N,Completed,,,,1/29/13,,,2/24/13,
317,Taptiles,,WinStr,Puzzle,N,Beaten,,,,2/5/13,2/5/13,2/5/13,,
318,Zombies.,,PC,Action,N,Infinite,,,,2/8/13,,,,
319,Superstar V8 Next Challenge,,PC,Racing,N,Infinite,,,,2/14/13,,,,
320,Mega Man 10,,XBLA,Platformer,N,Beaten,,,,2/17/13,,2/17/13,,
321,GRID,,360,Racing,N,Completed,,,,3/2/13,3/3/13,3/10/13,,"Legend is the final goal...Glitched achievement, GG. Completely different racing style from DiRT and Forza, but enjoyable. Not a fan of majorly glitched games, however."
322,Tetris Battle,,PC,Puzzle,N,Infinite,,,,3/23/13,,,,
323,DiRT 2,,Steam,Racing,N,Beaten,,,,3/29/13,,4/7/13,,
324,Gears of War,,360,TPS,N,Beaten,,,,4/1/13,7/10/13,7/16/13,,"Finished the game on Casual. Man...Casual was plenty tough enough for me. XD Great game, makes me want to play the sequels..."
325,GRID 2,,360,Racing,N,Completed,28,30,Actual,4/1/13,5/28/13,6/5/13,6/7/13,Level 23 multiplayer. Other than Virgin Media Endurance on Very Hard (aka impossible) this was a very enjoyable game. Time to wait for DiRT 4!
326,Tony Hawk's Pro Skater HD,,XBLA,Sports,N,Beaten,,,,4/18/13,,4/19/13,,
327,Trials Evolution,,XBLA,Racing,N,Completed,19,58,Actual,4/19/13,,4/21/13,4/24/14,
328,Torchlight II,,Steam,Action RPG,N,Infinite,,,,6/7/13,6/9/13,10/4/13,,
329,Borderlands 2,,360,FPS,N,Completed,183,45,Actual,7/7/13,7/12/13,12/7/13,1/29/14,Level 56 Gunzerker.
330,TrackMania Nations Forever,,PC,Racing,N,Infinite,,,,7/8/13,,,,
331,Audiosurf,,PC,Rhythm,N,Infinite,,,,7/10/13,,,,
332,Combat Arms,,PC,FPS,N,Infinite,,,,7/10/13,,,,
333,Grand Chase,,PC,MMORPG,N,Beaten,,,,7/10/13,,,,
334,Gunbound Revolution,,PC,Turn-based strategy,N,Infinite,,,,7/10/13,,,,
335,Kart Rider,,PC,Racing,N,Infinite,,,,7/10/13,,,,
336,Stepmania,,PC,Rhythm,N,Infinite,,,,7/10/13,,,,
337,Virtual Pool 2,,PC,Sports,N,Infinite,,,,7/10/13,,,,
338,Assassin's Creed II,,360,Stealth,N,Beaten,10,37,Actual,7/16/13,8/15/13,11/4/13,,"AC3 is better, but this was a fantastic game as well. ^_^"
339,Sonic Generations,,360,Platformer,N,Beaten,5,30,Actual,7/26/13,8/1/13,8/2/13,,"Fun stuff! Gonna work on completion soon. Typical Sonic game. Pretty easy to learn, hard to master. This one''s a bit generous in terms of difficulty, but extremely fun and something I look forward to playing again."
340,Crackdown,,360,TPS,N,Beaten,,,,8/2/13,,8/31/13,,"Thanks for the help Alex! Pretty fun game, if not a bit frustrating at times."
341,Super Meat Boy,,Steam,Platformer,N,Completed,,,,8/4/13,,8/5/13,4/27/14,
342,DOTA 2,,Steam,MOBA,N,Infinite,,,,8/14/13,,,,
343,Burnout Paradise: The Ultimate Box,,Steam,Racing,N,Beaten,,,,8/15/13,8/17/13,9/8/13,,
344,Medal of Honor,,Steam,FPS,N,Beaten,,,,8/15/13,9/22/13,9/24/13,,
345,Mirror's Edge,,Steam,Platformer,N,Beaten,,,,8/15/13,9/24/13,10/5/13,,
346,Pokemon White,,NDS,RPG,N,Beaten,45,11,Actual,8/23/13,9/3/13,9/18/13,,
347,PAC-MAN Championship Edition DX+,,Steam,Maze,N,Completed,,,,9/20/13,,9/25/13,9/27/13,
348,Dance Dance Revolution Extreme,,PS2,Rhythm,N,Completed,,,,9/23/13,,9/27/13,10/1/13,
349,Pokemon Y,,3DS,RPG,N,Beaten,158,36,Actual,10/1/13,10/12/13,10/14/13,,"Inspired by the World Championships...28/50 in a row is my best so far. Kalos Champion in 31:21! Honestly, I never thought I''d play a game like Silver again. That perfect, polished feeling. The level curve could have been more challenging, but in the end, the multiplayer additions more than make up for it."
350,Flower Town,,3DS,Simulation,N,Completed,,,,11/1/13,,11/13/13,1/15/14,Missing about 100 colors. All plants. My 2nd favorite streetpass game. Fun!
351,The Legend of Zelda: A Link Between Worlds,,3DS,Action-adventure,N,Beaten,16,17,Actual,11/18/13,11/24/13,11/28/13,,"Going for completion on Hero Mode. Awesome, awesome game. Hero Mode should make it a lot more challenging!"
352,Pinball FX2,Epic Quest Table,Steam,Pinball,N,Beaten,,,,11/24/13,,11/24/13,,
353,Pinball FX2,Marvel Pinball: Avengers Chronicles Pack,Steam,Pinball,N,Beaten,,,,11/24/13,,11/24/13,,
354,Pinball FX2,Marvel Pinball: Original Pack,Steam,Pinball,N,Beaten,,,,11/24/13,,11/24/13,,
355,Pinball FX2,Star Wars Pack,Steam,Pinball,N,Beaten,,,,11/24/13,,11/24/13,,
356,Dark Souls: Prepare to Die Edition,,Steam,Action RPG,N,Beaten,,,,11/28/13,11/28/13,12/8/13,,
357,Fire Emblem: Awakening,,3DS,Turn-based tactics,N,Beaten,33,34,Actual,11/29/13,,6/17/14,,Finished the game on Classic Hard.
358,Dust: An Elysian Tail,,Steam,Action RPG,N,Beaten,,,,12/2/13,4/12/14,4/15/14,,
359,Hearthstone: Heroes of Warcraft,,BNet,TCG,N,Infinite,,,,12/3/13,,,,
360,Borderlands: Game of the Year Edition,,Steam,FPS,N,Completed,,,,12/7/13,12/26/13,1/31/14,11/5/17,
361,Bravely Default,,3DS,JRPG,N,Completed,82,15,Actual,12/17/13,2/12/14,3/29/14,9/7/14,Everything.
362,Mario Party: Island Tour,,3DS,Party,N,Beaten,7,54,Actual,12/25/13,12/25/13,12/28/13,,Traded in.
363,Valdis Story: Abyssal City,,Steam,Metroidvania,N,Beaten,,,,1/1/14,3/12/14,4/11/14,,
364,TrackMania 2: Stadium,,Steam,Racing,N,Beaten,,,,1/2/14,1/30/14,1/30/14,,
365,DiRT 3,,Steam,Racing,N,Beaten,,,,1/31/14,,3/8/14,,
366,DiRT Showdown,,Steam,Racing,N,Completed,,,,1/31/14,3/12/14,3/12/14,12/3/17,
367,Lightning Returns: Final Fantasy XIII,,360,JRPG,N,Beaten,22,38,Actual,1/31/14,2/13/14,2/18/14,,It took 22 hours to end the world. XD
368,DDRMAX2: Dance Dance Revolution,,PS2,Rhythm,N,Completed,,,,2/5/14,,2/5/14,3/7/14,
369,RESOGUN,,PS4,Shoot 'em up,N,Completed,,,,2/16/14,,2/16/14,6/1/14,
370,Trials Fusion,,PS4,Racing,N,Beaten,,,,4/18/14,,4/18/14,,
371,Grand Theft Auto 2,,Steam,Action-adventure,N,Infinite,,,,4/22/14,,,,
372,Wreckfest,,Steam,Racing,N,Completed,,,,4/22/14,11/13/14,11/9/19,11/10/19,
373,Operation Flashpoint: Dragon Rising,,Steam,FPS,N,Infinite,,,,4/22/14,,,,
374,Operation Flashpoint: Red River,,Steam,FPS,N,Infinite,,,,4/22/14,,,,
375,Overlord,,Steam,Action RPG,N,Infinite,,,,4/22/14,,,,
376,Overlord II,,Steam,Action RPG,N,Infinite,,,,4/22/14,,,,
377,Stonehearth,,Steam,Simulation,N,Infinite,,,,4/22/14,,,,
378,Stormrise,,Steam,Real-time tactics,N,Infinite,,,,4/22/14,,,,
379,Heroes of the Storm,,BNet,MOBA,N,Infinite,,,,5/12/14,,,,
380,Plants vs. Zombies: Game of the Year Edition,,Origin,Real-time strategy,N,Beaten,,,,5/12/14,6/4/14,6/13/14,,
381,Diablo II,,PC,Action RPG,N,Beaten,,,,5/19/14,6/5/14,6/10/14,,
382,Bastion,,Steam,Action RPG,N,Beaten,,,,5/28/14,7/27/14,7/29/14,,
383,Diablo III,,BNet,Action RPG,N,Completed,,,,6/2/14,6/21/14,7/9/14,7/12/14,
384,Trials Frontier,,Droid,Racing,N,Completed,,,,6/20/14,,8/7/14,8/7/14,
385,Peggle Deluxe,,Steam,Puzzle,N,Beaten,,,,6/22/14,6/25/14,6/25/14,,
386,Peggle Nights,,Steam,Puzzle,N,Beaten,,,,6/22/14,6/25/14,7/4/14,,
387,Pokemon Trading Card Game Online,,PC,TCG,N,Infinite,,,,6/25/14,,,,
388,Rise of the Argonauts,,Steam,Action RPG,N,Infinite,,,,7/3/14,,,,
389,Chrono Cross,,PS,JRPG,N,Started,,,,8/20/14,,,,
390,Devil May Cry 3,,PS2,Hack & Slash,N,Started,6,26,Actual,8/20/14,,,,
391,Final Fantasy Tactics,,PS,Turn-based tactics,N,Beaten,24,54,Actual,8/20/14,,10/30/15,,
392,Star Wars: Knights of the Old Republic,,Steam,Action RPG,N,Started,,,,8/20/14,,,,
393,The Elder Scrolls V: Skyrim,,Steam,Action RPG,N,Beaten,,,,8/20/14,9/1/18,9/28/18,,
394,FEZ,,PS4,Platformer,N,Beaten,,,,8/21/14,,8/26/14,,
395,Bloodborne,,PS4,Action RPG,N,Started,,,,,11/14/15,,,
396,Code Vein,,PS4,JRPG,N,Wish List,,,,,,,,
397,Final Fantasy VII,,PS4,JRPG,N,Wish List,,,,,,,,
398,I Am Setsuna,,PS4,JRPG,N,Not Started,,,,6/7/19,,,,
399,Kingdom Hearts III,,XB1,Action RPG,N,Completed,57,25,Actual,11/24/19,5/7/20,5/10/20,5/15/20,All achievements on Proud.
400,Naruto to Boruto: Shinobi Striker,,PS4,Fighting,N,Wish List,,,,,,,,
401,Ni no Kuni II,,PS4,JRPG,N,Not Started,,,,6/7/19,,,,
402,Overwatch,,PS4,FPS,N,Infinite,,,,,,,,
403,Shenmue III,,PS4,Action-adventure,N,Wish List,,,,,,,,
404,Spider-Man,,PS4,Action RPG,N,Not Started,,,,6/7/19,,,,
405,Star Ocean: Integrity and Faithlessness,,PS4,JRPG,N,Wish List,,,,,,,,
406,Destiny,,PS4,FPS,N,Beaten,,,,9/11/14,,9/16/14,,
407,Crypt of the NecroDancer,,Steam,Rhythm,N,Started,,,,9/27/14,3/18/15,,,
408,Super Smash Bros. for Nintendo 3DS,,3DS,Fighting,N,Beaten,9,32,Actual,10/2/14,,10/7/14,,Almost done with Challenges page 2.
409,DRIVECLUB,,PS4,Racing,N,Completed,,,,10/7/14,10/11/14,10/12/14,12/4/14,
410,Gauntlet,,Steam,Hack & Slash,N,Not Started,,,,11/13/14,,,,
411,Injustice: Gods Among Us Ultimate Edition,,Steam,Fighting,N,Not Started,,,,11/13/14,,,,
412,Final Fantasy XIV: A Realm Reborn,,Steam,JRPG,N,Infinite,,,,11/16/14,,,,
413,Grid Autosport,,Steam,Racing,N,Beaten,,,,11/29/14,12/2/14,2/12/17,,
414,Peggle 2,,PS4,Puzzle,N,Completed,,,,12/27/14,12/27/14,12/31/14,1/2/16,
415,Lara Croft and the Temple of Osiris,,PS4,Action-adventure,N,Beaten,,,,12/31/14,,7/28/15,,
416,The Legend of Zelda: Majora's Mask 3D,,3DS,Action-adventure,N,Beaten,20,30,Actual,3/18/15,3/18/15,5/13/16,,Optional stuff.
417,Borderlands 2,,PS4,FPS,N,Completed,,,,3/31/15,3/31/15,10/27/15,11/14/15,
418,Borderlands: The Pre-Sequel,,PS4,FPS,N,Completed,,,,3/31/15,,10/18/15,1/31/16,
419,Final Fantasy Type-0 HD,,PS4,Action RPG,N,Completed,,,,3/31/15,6/4/15,12/29/15,12/29/15,
420,Jet Set Radio,,Steam,Platformer,N,Beaten,,,,4/11/15,4/11/15,10/16/15,,
421,Valkyria Chronicles,,Steam,Tactical RPG,N,Not Started,,,,5/25/15,,,,
422,Tales from the Borderlands,,Steam,Adventure,N,Completed,,,,6/11/15,10/18/15,10/18/15,10/24/15,
423,A Story About My Uncle,,Steam,Platformer,N,Not Started,,,,7/12/15,,,,
424,Antichamber,,Steam,Puzzle,N,Completed,,,,7/12/15,7/12/15,7/12/15,7/12/15,
425,Brothers - A Tale of Two Sons,,Steam,Action-adventure,N,Not Started,,,,7/12/15,,,,
426,Darksiders,,Steam,Hack & Slash,N,Not Started,,,,7/12/15,,,,
427,Darksiders II,,Steam,Hack & Slash,N,Not Started,,,,7/12/15,,,,
428,Dragon Age: Origins - Ultimate Edition,,Steam,RPG,N,Not Started,,,,7/12/15,,,,
429,Epic Battle Fantasy 4,,Steam,RPG,N,Started,,,,7/12/15,10/16/15,,,
430,FEZ,,Steam,Platformer,N,Not Started,,,,7/12/15,,,,
431,Freedom Planet,,Steam,Platformer,N,Started,,,,7/12/15,10/16/15,,,
432,Hero Siege,,Steam,Hack & Slash,N,Not Started,,,,7/12/15,,,,
433,Ikaruga,,Steam,Shoot 'em up,N,Not Started,,,,7/12/15,,,,
434,Magicite,,Steam,RPG,N,Not Started,,,,7/12/15,,,,
435,Need for Speed: Hot Pursuit,,Steam,Racing,N,Beaten,,,,7/12/15,10/31/15,10/31/15,,
436,One Finger Death Punch,,Steam,Beat 'em up,N,Not Started,,,,7/12/15,,,,
437,Risk of Rain,,Steam,Platformer,N,Not Started,,,,7/12/15,,,,
438,Robot Roller-Derby Disco Dodgeball,,Steam,Sports,N,Not Started,,,,7/12/15,,,,
439,RollerCoaster Tycoon 3: Platinum!,,Steam,Simulation,N,Not Started,,,,7/12/15,,,,
440,Screencheat,,Steam,FPS,N,Not Started,,,,7/12/15,,,,
441,Shadowrun Returns,,Steam,Turn-based tactics,N,Not Started,,,,7/12/15,,,,
442,Shadowrun: Dragonfall - Director's Cut,,Steam,Turn-based tactics,N,Not Started,,,,7/12/15,,,,
443,The Legend of Korra,,Steam,Beat 'em up,N,Beaten,,,,7/12/15,7/26/15,7/26/15,,
444,Transistor,,Steam,Action RPG,N,Not Started,,,,7/12/15,,,,
445,Trine 2,,Steam,Platformer,N,Not Started,,,,7/12/15,,,,
446,Ys Origin,,Steam,JRPG,N,Not Started,,,,7/12/15,,,,
447,Rocket League,,PS4,Sports,N,Completed,,,,8/11/15,8/11/15,8/11/15,8/11/15,
448,Battleground Z,,3DS,Beat 'em up,Y,Beaten,,,,8/30/15,8/30/15,11/14/15,,"24/26 rare zombies, 21/22 tickets."
449,Ultimate Angler,,3DS,Sports,Y,Beaten,,,,8/30/15,8/30/15,12/23/16,,"8/9 islands, 140/160 species, 20/22 tickets."
450,Mighty Gunvolt,,Steam,Platformer,N,Not Started,,,,9/1/15,,,,
451,Star Wars Battlefront,,PS4,TPS,N,Completed,,,,11/14/15,11/14/15,11/21/15,12/13/15,
452,Dragon Age: Inquisition,,PS4,Action RPG,N,Not Started,,,,12/2/15,,,,
453,Gauntlet: Slayer Edition,,PS4,Hack & Slash,N,Completed,,,,12/9/15,12/9/15,12/13/15,12/23/15,
454,Sportsfriends,,PS4,Party,N,Completed,,,,12/19/15,12/19/15,12/19/15,12/23/15,
455,DRIVECLUB BIKES,,PS4,Racing,N,Completed,,,,12/27/15,12/27/15,12/31/15,1/1/16,
456,ibb & obb,,Steam,Platformer,N,Beaten,,,,1/1/16,1/1/16,1/6/16,,
457,Dark Souls II: Scholar of the First Sin,,PS4,Action RPG,N,Not Started,,,,1/2/16,,,,
458,Orcs Must Die! 2,,Steam,Tower defense,N,Beaten,,,,1/7/16,1/7/16,1/17/16,,
459,Need for Speed,,PS4,Racing,N,Completed,,,,2/5/16,2/20/16,2/21/16,2/24/16,
460,Project Cars,,PS4,Racing,N,Completed,,,,2/5/16,2/5/16,3/21/17,1/11/18,
461,Bravely Second,,3DS,JRPG,N,Beaten,66,43,Actual,4/28/16,4/28/16,6/12/16,,Beastiary and adventurer.
462,Mega Man Legacy Collection,,PS4,Platformer,N,Not Started,,,,6/14/16,,,,
463,Need for Speed Rivals,,PS4,Racing,N,Completed,,,,6/14/16,10/29/16,10/29/16,10/30/16,
464,Rayman Legends,,PS4,Platformer,N,Not Started,,,,6/14/16,,,,
465,Tales of Zestiria,,PS4,JRPG,N,Infinite,,,,6/14/16,9/22/17,,,
466,DLC Quest,,Steam,Platformer,N,Beaten,,,,6/29/16,6/29/16,7/3/16,,
467,Mario Tennis,,VC,Sports,N,Completed,92,13,Actual,7/20/16,7/20/16,7/20/16,7/21/16,
468,Mighty No. 9,,Steam,Platformer,N,Not Started,,,,9/19/16,,,,
469,1001 Spikes,,Steam,Platformer,N,Not Started,,,,9/28/16,,,,
470,6180 the moon,,Steam,Platformer,N,Not Started,,,,9/28/16,,,,
471,Big Pharma,,Steam,Simulation,N,Not Started,,,,9/28/16,,,,
472,CastleStorm,,Steam,Tower defense,N,Not Started,,,,9/28/16,,,,
473,Chaos Reborn,,Steam,Tactical RPG,N,Not Started,,,,9/28/16,,,,
474,Chariot,,Steam,Platformer,N,Not Started,,,,9/28/16,,,,
475,Cloudbuilt,,Steam,Platformer,N,Not Started,,,,9/28/16,,,,
476,Darksiders II: Deathinitive Edition,,Steam,Hack & Slash,N,Not Started,,,,9/28/16,,,,
477,DeadCore,,Steam,Platformer,N,Not Started,,,,9/28/16,,,,
478,Downwell,,Steam,Action-adventure,N,Not Started,,,,9/28/16,,,,
479,EDGE,,Steam,Platformer,N,Not Started,,,,9/28/16,,,,
480,Electronic Super Joy,,Steam,Platformer,N,Not Started,,,,9/28/16,,,,
481,Fairy Fencer F,,Steam,JRPG,N,Not Started,,,,9/28/16,,,,
482,Frozen Cortex,,Steam,Turn-based tactics,N,Not Started,,,,9/28/16,,,,
483,Frozen Synapse,,Steam,Turn-based tactics,N,Not Started,,,,9/28/16,,,,
484,Full Bore,,Steam,Platformer,N,Not Started,,,,9/28/16,,,,
485,Geometry Dash,,Steam,Platformer,N,Not Started,,,,9/28/16,,,,
486,Gurumin: A Monstrous Adventure,,Steam,JRPG,N,Not Started,,,,9/28/16,,,,
487,Half Minute Hero: Super Mega Neo Climax Ultimate Boy,,Steam,Real-time strategy,N,Not Started,,,,9/28/16,,,,
488,Half Minute Hero: The Second Coming,,Steam,Real-time strategy,N,Not Started,,,,9/28/16,,,,
489,Hell Yeah!,,Steam,Metroidvania,N,Not Started,,,,9/28/16,,,,
490,Kairo,,Steam,Puzzle,N,Not Started,,,,9/28/16,,,,
491,Kingdom Rush,,Steam,Tower defense,N,Not Started,,,,9/28/16,,,,
492,Knights of Pen and Paper +1,,Steam,RPG,N,Not Started,,,,9/28/16,,,,
493,Lethal League,,Steam,Fighting,N,Not Started,,,,9/28/16,,,,
494,Lux Delux,,Steam,Turn-based strategy,N,Not Started,,,,9/28/16,,,,
495,Megabyte Punch,,Steam,Platformer,N,Not Started,,,,9/28/16,,,,
496,Monaco,,Steam,Stealth,N,Not Started,,,,9/28/16,,,,
497,Orcs Must Die!,,Steam,Tower defense,N,Not Started,,,,9/28/16,,,,
498,Out There Somewhere,,Steam,Platformer,N,Not Started,,,,9/28/16,,,,
499,Polarity,,Steam,Puzzle,N,Not Started,,,,9/28/16,,,,
500,Qbeh-1: The Atlas Cube,,Steam,Puzzle,N,Not Started,,,,9/28/16,,,,
501,Reassembly,,Steam,Simulation,N,Not Started,,,,9/28/16,,,,
502,RUSH,,Steam,Racing,N,Not Started,,,,9/28/16,,,,
503,Saints Row: The Third,,Steam,Action-adventure,N,Not Started,,,,9/28/16,,,,
504,Sanctum 2,,Steam,Tower defense,N,Not Started,,,,9/28/16,,,,
505,Shattered Planet,,Steam,RPG,N,Not Started,,,,9/28/16,,,,
506,Sonic Adventure 2,,Steam,Platformer,N,Not Started,,,,9/28/16,,,,
507,Sonic Adventure DX,,Steam,Platformer,N,Completed,,,,9/28/16,9/28/16,10/14/16,10/14/16,
508,Star Wars: Knights of the Old Republic II,,Steam,Action RPG,N,Not Started,,,,9/28/16,,,,
509,Tabletop Simulator,,Steam,Simulation,N,Infinite,,,,9/28/16,,,,
510,The Last Federation,,Steam,Turn-based tactics,N,Not Started,,,,9/28/16,,,,
511,Thomas Was Alone,,Steam,Platformer,N,Not Started,,,,9/28/16,,,,
512,Timberman,,Steam,Action,N,Not Started,,,,9/28/16,,,,
513,Tiny Brains,,Steam,Puzzle,N,Not Started,,,,9/28/16,,,,
514,Toki Tori,,Steam,Puzzle,N,Not Started,,,,9/28/16,,,,
515,Toki Tori 2+,,Steam,Puzzle,N,Not Started,,,,9/28/16,,,,
516,TRI: Of Friendship and Madness,,Steam,Puzzle,N,Not Started,,,,9/28/16,,,,
517,Trine,,Steam,Platformer,N,Not Started,,,,9/28/16,,,,
518,Worms Clan Wars,,Steam,Turn-based strategy,N,Completed,,,,9/28/16,11/30/17,12/2/17,12/2/17,
519,Forza Horizon 3,,PC,Racing,N,Completed,,,,10/5/16,10/5/16,10/18/16,2/26/17,
520,Path of Exile,,Steam,Action RPG,N,Started,,,,10/22/16,10/22/16,,,
521,Feed Mii,,3DS,Simulation,Y,Started,,,,10/29/16,10/29/16,,,"Second of two playthroughs, 4 more recipes."
522,Market Crashers,,3DS,Simulation,N,Mastered,,,,10/29/16,10/29/16,1/15/18,4/29/18,All collectibles on 3/6/20.
523,Mii Trek,,3DS,Simulation,Y,Beaten,,,,10/29/16,10/29/16,4/7/18,,69% / 54% / 60%
524,Ninja Launcher,,3DS,Simulation,Y,Beaten,,,,10/29/16,10/29/16,2/9/18,,"Wrapping up master run, 5/12 gold medals."
525,Slot Car Rivals,,3DS,Racing,N,Completed,,,,10/29/16,10/29/16,1/19/18,4/13/18,S99
526,Pokemon Blue,,VCH,RPG,N,Beaten,,,,11/4/16,6/3/18,6/6/18,,
527,Pokemon Red,,VCH,RPG,N,Beaten,19,16,Actual,11/4/16,11/4/16,11/13/16,,
528,DiRT Rally,,PS4,Racing,N,Completed,,,,11/25/16,11/25/16,7/21/17,7/21/17,
529,PAC-MAN Championship Edition 2,,PS4,Maze,N,Started,,,,11/25/16,2/18/17,,,
530,Pokemon Moon,,3DS,RPG,N,Beaten,134,59,Actual,12/4/16,12/4/16,12/23/16,,1st streak: two EQ misses. 2nd streak: Aurora Veil science. 3rd streak: Bruxish.
531,Bit Blaster XL,,Steam,Shoot 'em up,N,Not Started,,,,12/31/16,,,,
532,JumpJet Rex,,Steam,Platformer,N,Not Started,,,,12/31/16,,,,
533,Kingdoms of Amalur: Reckoning,,Steam,Action RPG,N,Not Started,,,,12/31/16,,,,
534,Mark of the Ninja: Special Edition,,Steam,Stealth,N,Not Started,,,,12/31/16,,,,
535,Tales of Symphonia,,Steam,JRPG,N,Not Started,,,,12/31/16,,,,
536,Disgaea PC,,Steam,Turn-based tactics,N,Not Started,,,,2/2/17,,,,
537,Fire Emblem: Heroes,,Droid,Turn-based tactics,N,Completed,,,,2/6/17,2/7/17,2/9/17,2/9/17,
538,Final Fantasy XV,,PS4,JRPG,N,Completed,,,,3/21/17,3/21/17,5/20/17,6/10/17,
539,Uncharted: The Nathan Drake Collection,,PS4,Action-adventure,N,Not Started,,,,4/15/17,,,,
540,DiRT 4,,PS4,Racing,N,Completed,,,,6/10/17,6/10/17,6/24/17,7/2/17,
541,Burnstar,,Steam,Puzzle,N,Not Started,,,,7/1/17,,,,
542,Disgaea 5: Alliance of Vengeance,,PS4,Turn-based tactics,N,Infinite,,,,7/1/17,8/29/17,,,
543,Kingdom Hearts 358/2 Days,,PS4,Action RPG,N,Not Started,,,,7/1/17,,,,
544,Kingdom Hearts Birth by Sleep FINAL MIX,,PS4,Action RPG,N,Beaten,,,,7/1/17,11/30/18,12/14/18,,
545,Kingdom Hearts FINAL MIX,,PS4,Action RPG,Y,Started,,,,7/1/17,12/17/18,,,
546,Kingdom Hearts II FINAL MIX,,PS4,Action RPG,N,Not Started,,,,7/1/17,,,,
547,Kingdom Hearts Re:Chain of Memories,,PS4,Action RPG,N,Not Started,,,,7/1/17,,,,
548,Kingdom Hearts Re:coded,,PS4,Action RPG,N,Not Started,,,,7/1/17,,,,
549,Ratchet & Clank,,PS4,Platformer,N,Completed,,,,7/1/17,8/29/17,9/13/17,9/16/17,
550,Rivals of Aether,,Steam,Fighting,N,Not Started,,,,7/1/17,,,,
551,Stardew Valley,,Steam,Simulation,N,Not Started,,,,7/1/17,,,,
552,Trackmania Turbo,,PS4,Racing,N,Infinite,,,,7/1/17,8/22/17,,,
553,Mario Kart 8 Deluxe,,Switch,Racing,N,Completed,115,0,Actual,8/22/17,8/22/17,8/28/17,1/24/18,
554,Snipperclips,,Switch,Puzzle,N,Completed,5,0,Actual,9/16/17,9/16/17,5/2/18,5/10/18,
555,Super Mario Run,,Droid,Platformer,N,Beaten,,,,10/5/17,10/5/17,10/9/17,,
556,Absolute Drift,,Steam,Racing,N,Completed,,,,10/9/17,10/9/17,10/10/17,10/10/17,
557,Animal Crossing: New Horizons,,Switch,Simulation,N,Wish List,,,,,,,,
558,Captain Toad: Treasure Tracker,,Switch,Puzzle,N,Not Started,,,,11/28/19,,,,
559,Chocobo's Mystery Dungeon: Every Buddy,,Switch,RPG,N,Wish List,,,,,,,,
560,Final Fantasy Crystal Chronicles,,Switch,JRPG,N,Wish List,,,,,,,,
561,Fire Emblem: Three Houses,,Switch,Turn-based tactics,N,Wish List,,,,,,,,
562,Hyrule Warriors: Definitive Edition,,Switch,Hack & Slash,N,Wish List,,,,,,,,
563,Katamari Damacy REROLL,,Switch,Puzzle,N,Not Started,,,,10/19/19,,,,
564,Killer Queen Black,,Switch,Platformer,N,Wish List,,,,,,,,
565,Kirby Star Allies,,Switch,Platformer,N,Wish List,,,,,,,,
566,Luigi's Mansion 3,,Switch,Action-adventure,N,Wish List,,,,,,,,
567,Monster Boy and the Cursed Kingdom,,Switch,Platformer,N,Wish List,,,,,,,,
568,New Super Mario Bros. U Deluxe,,Switch,Platformer,N,Not Started,,,,11/28/19,,,,
569,Oninaki,,Switch,JRPG,N,Wish List,,,,,,,,
570,Super Mario Maker 2,,Switch,Platformer,N,Wish List,,,,,,,,
571,Super Meat Boy Forever,,Switch,Platformer,N,Wish List,,,,,,,,
572,The Legend of Zelda: Link's Awakening,,Switch,Action-adventure,N,Wish List,,,,,,,,
573,Town,,Switch,Simulation,N,Wish List,,,,,,,,
574,Fire Emblem Warriors,,Switch,Hack & Slash,N,Infinite,65,0,Actual,10/28/17,10/28/17,10/31/17,,
575,The Legend of Zelda: Breath of the Wild,,Switch,Action-adventure,Y,Beaten,30,0,Actual,10/28/17,10/29/17,11/12/18,,
576,Titan Quest Anniversary Edition,,Steam,Action RPG,N,Infinite,,,,11/15/17,11/15/17,,,
577,Project Cars 2,,PS4,Racing,N,Completed,,,,11/30/17,11/30/17,3/6/18,4/19/18,
578,Town of Salem,,Steam,RPG,N,Infinite,,,,11/30/17,,,,
579,Chroma Squad,,Steam,Tactical RPG,N,Not Started,,,,12/31/17,,,,
580,ShellShock Live,,Steam,Turn-based strategy,N,Not Started,,,,12/31/17,,,,
581,Snakebird,,Steam,Puzzle,N,Not Started,,,,12/31/17,,,,
582,Throne of Lies,,Steam,RPG,N,Infinite,,,,12/31/17,,,,
583,Golf Story,,Switch,Sports,N,Completed,15,0,Actual,3/11/18,3/11/18,3/30/18,3/30/18,
584,Rocket League,,Switch,Sports,N,Infinite,115,0,Actual,3/11/18,,,,
585,SUPER BOMBERMAN R,,Switch,Action,N,Beaten,5,0,Actual,3/11/18,4/8/18,4/8/18,,
586,Burnout Paradise Remastered,,PS4,Racing,N,Completed,,,,4/28/18,5/13/18,5/19/18,5/28/18,
587,MapleStory 2,,PC,MMORPG,N,Infinite,,,,5/10/18,,,,
588,Wonder Boy: The Dragon's Trap,,Switch,Platformer,N,Not Started,,0,,5/20/18,,,,
589,Gran Turismo Sport,,PS4,Racing,N,Beaten,23,0,Actual,6/13/18,1/19/19,5/14/19,,Multiplayer trophies will be tough...
590,Splatoon 2,,Switch,TPS,N,Started,25,0,Actual,6/14/18,6/14/18,,,
591,Assault Android Cactus,,Steam,Shoot 'em up,N,Not Started,,,,6/21/18,,,,
592,Enter the Gungeon,,Steam,Roguelike,N,Not Started,,,,6/21/18,,,,
593,Rayman Origins,,Steam,Platformer,N,Not Started,,,,6/21/18,,,,
594,Undertale,,Steam,RPG,Y,Started,,,,6/21/18,11/15/19,,,
595,Mario Tennis Aces,,Switch,Sports,N,Completed,30,0,Actual,6/23/18,6/23/18,6/23/18,6/23/18,
596,Beat Saber,,Steam,Rhythm,N,Infinite,,,,7/19/18,7/19/18,,,
597,Horizon Zero Dawn: Complete Edition,,PS4,Action RPG,N,Not Started,,,,8/25/18,,,,
598,Steredenn,,Steam,Shoot 'em up,N,Not Started,,,,9/30/18,,,,
599,Forza Horizon 4,,XB1,Racing,N,Completed,,,,10/2/18,10/2/18,10/13/18,11/30/18,Placements.
600,Call of Duty: Black Ops 4,,XB1,FPS,Y,Beaten,,,,10/28/18,10/30/18,10/30/18,,It's in the tray.
601,Forza Horizon 2,,XB1,Racing,N,Beaten,,,,10/29/18,10/31/18,11/5/18,,Terrible event structure.
602,STEEP,,PS4,Sports,N,Not Started,,,,11/3/18,,,,
603,Gravel,,XB1,Racing,N,Completed,,,,11/21/18,11/24/18,11/24/18,11/25/18,Gravely.
604,Okami HD,,Switch,Action-adventure,N,Not Started,,0,,11/23/18,,,,
605,Crash Bandicoot N. Sane Trilogy,,XB1,Platformer,Y,Started,,,,11/29/18,5/16/19,,,Crash!
606,Gears of War 4,,XB1,TPS,N,Beaten,,,,12/3/18,12/3/18,12/5/18,,
607,Super Smash Bros. Ultimate,,Switch,Fighting,Y,Started,,0,,12/16/18,12/16/18,,,
608,Cities: Skylines,,Steam,Simulation,N,Infinite,,,,12/20/18,,,,
609,Momodora: Reverie UnderåÊthe Moonlight,,Steam,Metroidvania,N,Not Started,,,,12/20/18,,,,
610,TINY METAL,,Steam,Turn-based tactics,N,Not Started,,,,12/20/18,,,,
611,"Pokemon: Let''s Go, Pikachu!",,Switch,RPG,N,Completed,,0,,12/28/18,12/28/18,1/3/19,1/6/19,
612,Octopath Traveler,,Switch,JRPG,N,Not Started,,,,1/9/19,,,,
613,Puyo Puyo Tetris,,Switch,Puzzle,Y,Beaten,,,,1/9/19,12/21/19,12/22/19,,
614,Sonic Mania,,Switch,Platformer,N,Started,,,,1/9/19,3/4/20,,,
615,Tetris 99,,Switch,Puzzle,N,Infinite,,,,2/13/19,2/13/19,2/18/19,,First win on 2/18.
616,DiRT Rally 2.0,,XB1,Racing,N,Completed,,,,2/26/19,2/26/19,3/16/19,5/23/19,
617,Super Mario Odyssey,,Switch,Platformer,Y,Completed,45,0,Actual,7/5/19,7/5/19,5/18/20,5/30/20,
618,A Hat in Time,,Steam,Platformer,N,Not Started,,,,4/30/19,,,,
619,WORLD OF FINAL FANTASY,,PS4,JRPG,N,Not Started,,,,4/30/19,,,,
620,Everybody's Golf,,PS4,Sports,N,Completed,,,,4/30/19,6/17/19,6/23/19,7/10/19,
621,The Last Guardian,,PS4,Action-adventure,N,Not Started,,,,4/30/19,,,,
622,Brut@l,,PS4,Roguelike,N,Not Started,,,,4/30/19,,,,
623,Tetris Effect,,PS4,Puzzle,N,Not Started,,,,6/7/19,,,,
624,Spyro Reignited Trilogy,,XB1,Platformer,N,Not Started,,,,6/7/19,,,,
625,Final Fantasy XII: The Zodiac Age,,PS4,JRPG,N,Not Started,,,,6/7/19,,,,
626,Wipeout Omega Collection,,PS4,Racing,Y,Started,,,,3/10/18,6/23/19,,,
627,Moto Racer,,PS1,Racing,N,Completed,,,,5/5/19,5/5/19,5/5/19,5/5/19,
628,Moto Racer 2,,PS1,Racing,N,Not Started,,,,6/22/19,,,,
629,Rally Cross 2,,PS1,Racing,N,Completed,,,,6/22/19,7/7/19,7/7/19,7/7/19,
630,Virtual Pool,,PS1,Sports,N,Not Started,,,,6/22/19,,,,
631,Sublevel Zero,,Steam,Roguelike,N,Not Started,,,,7/4/19,,,,
632,Golf With Your Friends,,Steam,Sports,N,Not Started,,,,7/4/19,,,,
633,Slipstream,,Steam,Racing,N,Completed,8,,Actual,7/4/19,10/31/19,11/2/19,11/2/19,
634,MARVEL ULTIMATE ALLIANCE 3: The Black Order,,Switch,Beat 'em up,Y,Beaten,,,,7/19/19,7/19/19,7/26/19,,
635,Test Drive 4,,PS1,Racing,N,Not Started,,,,8/25/19,,,,
636,Test Drive 5,,PS1,Racing,N,Not Started,,,,8/25/19,,,,
637,Test Drive Off-Road,,PS1,Racing,N,Not Started,,,,8/25/19,,,,
638,ATV Offroad Fury 2,,PS2,Racing,N,Not Started,,,,8/25/19,,,,
639,ATV Offroad Fury 4,,PS2,Racing,N,Not Started,,,,8/25/19,,,,
640,SSX 3,,PS2,Sports,N,Not Started,,,,8/25/19,,,,
641,Shadow of the Colossus,,PS2,Action-adventure,N,Not Started,,,,8/25/19,,,,
642,Ratchet & Clank,,PS2,Platformer,N,Not Started,,,,8/25/19,,,,
643,Need for Speed: Underground 2,,PS2,Racing,N,Not Started,,,,8/25/19,,,,
644,Time Crisis,,PS1,Light gun shooter,N,Not Started,,,,8/25/19,,,,
645,Death Road to Canada,,Switch,Action RPG,N,Not Started,,,,10/19/19,,,,
646,Golf Peaks,,Switch,Puzzle,N,Completed,,,,10/31/19,12/24/19,12/29/19,12/29/19,
647,Borderlands 3,,PS4,FPS,N,Completed,,,,11/24/19,9/13/19,4/3/20,4/14/20,
648,Wreckfest,,PS4,Racing,N,Completed,,,,11/24/19,12/1/19,12/12/19,12/12/19,
649,Donkey Kong Country: Tropical Freeze,,Switch,Platformer,N,Not Started,,,,11/28/19,,,,
650,Ni no Kuni: Wrath of the White Witch,,Switch,JRPG,N,Not Started,,,,11/28/19,,,,
651,Collection of Mana,Final Fantasy Adventure,Switch,JRPG,N,Completed,,,,11/28/19,12/24/19,12/27/19,12/27/19,
652,Collection of Mana,Secret of Mana,Switch,JRPG,Y,Started,,,,11/28/19,12/27/19,,,
653,Collection of Mana,Trials of Mana,Switch,JRPG,N,Not Started,,,,11/28/19,,,,
654,Call of Duty: Modern Warfare,,XB1,FPS,Y,Started,,,,11/28/19,12/15/19,,,
655,Mario + Rabbids Kingdom Battle,,Switch,Turn-based tactics,N,Not Started,,,,11/28/19,,,,
656,Mega Man 11,,Switch,Platformer,N,Not Started,,,,11/28/19,,,,
657,The Liar Princess and the Blind Prince,,Switch,Action-adventure,N,Not Started,,,,11/28/19,,,,
658,Minecraft Dungeons,,PC,Action RPG,Y,Beaten,,,,5/27/20,5/27/20,5/30/20,,Final boss killed himself.
659,Cyberpunk 2077,,XB1,RPG,N,Wish List,,,,,,,,
660,The Legend of Wright,,XB1,RPG,N,Wish List,,,,,,,,
661,Star Wars Jedi: Fallen Order,,XB1,Action-adventure,N,Wish List,,,,,,,,
662,The Legend of Zelda: Breath of the Wild 2,,Switch,Action-adventure,N,Wish List,,,,,,,,
663,The Last Remnant,,XB1,JRPG,N,Wish List,,,,,,,,
664,Circuit Superstars,,XB1,Racing,N,Wish List,,,,,,,,
665,Marvel's Avengers,,XB1,Action-adventure,N,Wish List,,,,,,,,
666,Phantasy Star Online 2,,XB1,JRPG,N,Wish List,,,,,,,,
667,Anthem,,PS4,TPS,N,Not Started,,,,12/25/19,,,,
668,Pokemon Shield,,Switch,RPG,N,Not Started,,,,12/25/19,,,,
669,Sakuna: Of Rice and Ruin,,Switch,Simulation,N,Wish List,,,,,,,,
670,Elsie,,PC,Platformer,N,Wish List,,,,,,,,
671,The Pathless,,Epic Games,Action-adventure,N,Wish List,,,,,,,,
672,Valorant,,PC,FPS,N,Infinite,,,,4/11/20,4/16/20,,,Utility btw.
D001,RollerCoaster Tycoon,Corkscrew Follies,PC,Simulation,N,Beaten,,,,,,,,DELUXE.
D002,RollerCoaster Tycoon,Loopy Landscapes,PC,Simulation,N,Beaten,,,,,,,,
D003,StarCraft,Broodwar,PC,Real-time strategy,N,Completed,,,,,,,,
D004,Call of Duty: Black Ops,First Strike,360,FPS,N,Beaten,,,,,,,,
D005,Call of Duty: Black Ops II,Revolution,360,FPS,N,Beaten,,,,,,,,
D006,Call of Duty: Black Ops II,Uprising,360,FPS,N,Beaten,,,,,,,,
D007,DiRT 3,Monte Carlo Track Pack,360,Racing,N,Completed,,,,,,,,
D008,DiRT 3,Mud and Guts Car Pack,360,Racing,N,Completed,,,,,,,,
D009,DiRT 3,Power and Glory Car Pack,360,Racing,N,Completed,,,,,,,,
D010,DiRT 3,Shibuya Track Pack,360,Racing,N,Completed,,,,,,,,
D011,Sonic Adventure DX: Director's Cut,Sonic Adventure DX Upgrade,XBLA,Platformer,N,Infinite,,,,,,,,Null until Microsoft/SEGA fixes it (probably never).
D012,Trials Evolution,Origin of Pain,XBLA,Racing,N,Beaten,,,,,,,,
D013,Trials Evolution,Riders of Doom,XBLA,Racing,N,Beaten,,,,,,,,
D014,Borderlands 2,Captain Scarlett and Her Pirate's Booty,360,FPS,N,Completed,,,,,,,,Done on UVHM!
D015,Borderlands 2,Mr. Torgue's Campaign of Carnage,360,FPS,N,Completed,,,,,,,,Hey Moxxi.
D016,Borderlands 2,Sir Hammerlock's Big Game Hunt,360,FPS,N,Completed,,,,,,,,Completed.
D017,Borderlands 2,Tiny Tina's Assault on Dragon Keep,360,FPS,N,Completed,,,,,,,,TVHM.
D018,Burnout Paradise: The Ultimate Box,Bikes Pack,Steam,Racing,N,Beaten,,,,,,,,2% complete.
D019,RESOGUN,Construction Kit,PS4,Shoot 'em up,N,Beaten,,,,,,,,
D020,RESOGUN,Heroes,PS4,Shoot 'em up,N,Beaten,,,,,,,,
D021,Trials Fusion,Empire of the Sky,PS4,Racing,N,Beaten,,,,,,,,"Ugh, extreme."
D022,Trials Fusion,Riders of the Rustlands,PS4,Racing,N,Beaten,,,,,,,,
D023,Overlord,Raising Hell,Steam,Action RPG,N,Infinite,,,,,,,,Came with DiRT Humble Bundle. Never going to play. :P
D024,Diablo II,Lord of Destruction,PC,Action RPG,N,Beaten,,,,,,,,Nightmare.
D025,Diablo III,Reaper of Souls,BNet,Action RPG,N,Beaten,,,,,,,,54% of achievements.
D026,DRIVECLUB,All Stars,PS4,Racing,N,Completed,,,,,,,,
D027,DRIVECLUB,AMG,PS4,Racing,N,Completed,,,,,,,,
D028,DRIVECLUB,Apex,PS4,Racing,N,Completed,,,,,,,,
D029,DRIVECLUB,Downforce,PS4,Racing,N,Completed,,,,,,,,
D030,DRIVECLUB,Elements,PS4,Racing,N,Completed,,,,,,,,
D031,DRIVECLUB,Evolution,PS4,Racing,N,Completed,,,,,,,,
D032,DRIVECLUB,Horsepower,PS4,Racing,N,Completed,,,,,,,,
D033,DRIVECLUB,Ignition,PS4,Racing,N,Completed,,,,,,,,Too easy.
D034,DRIVECLUB,Lamborghini,PS4,Racing,N,Completed,,,,,,,,
D035,DRIVECLUB,Lamborghini Icons,PS4,Racing,N,Completed,,,,,,,,
D036,DRIVECLUB,Midnight,PS4,Racing,N,Completed,,,,,,,,
D037,DRIVECLUB,Pacesetter,PS4,Racing,N,Completed,,,,,,,,
D038,DRIVECLUB,Photo-Finish,PS4,Racing,N,Completed,,,,,,,,
D039,DRIVECLUB,Redline,PS4,Racing,N,Completed,,,,,,,,
D040,DRIVECLUB,RPM,PS4,Racing,N,Completed,,,,,,,,
D041,DRIVECLUB,Sakura,PS4,Racing,N,Completed,,,,,,,,
D042,DRIVECLUB,Torque,PS4,Racing,N,Completed,,,,,,,,
D043,DRIVECLUB,Turbocharged,PS4,Racing,N,Completed,,,,,,,,
D044,DRIVECLUB,Unite In Speed,PS4,Racing,N,Completed,,,,,,,,
D045,DRIVECLUB,Velocity,PS4,Racing,N,Completed,,,,,,,,
D046,Peggle 2,Jimmy Lightning Master Pack,PS4,Puzzle,N,Completed,,,,,,,,
D047,Peggle 2,Windy the Fairy Master Pack,PS4,Puzzle,N,Completed,,,,,,,,
D048,Burnout Paradise Remastered,Big Surf Island,PS4,Racing,N,Completed,,,,4/28/18,5/20/18,5/27/18,5/27/18,
D049,Burnout Paradise Remastered,Bikes Pack,PS4,Racing,N,Completed,,,,4/28/18,5/27/18,5/30/18,5/30/18,
D050,Burnout Paradise Remastered,Boost Specials,PS4,Racing,N,Completed,,,,4/28/18,5/27/18,5/27/18,5/27/18,
D051,Burnout Paradise Remastered,Cagney Update,PS4,Racing,N,Completed,,,,4/28/18,5/13/18,5/13/18,5/20/18,
D052,Burnout Paradise Remastered,Cops and Robbers,PS4,Racing,N,Completed,,,,4/28/18,5/19/18,5/19/18,5/19/18,
D053,Burnout Paradise Remastered,Legendary Cars,PS4,Racing,N,Completed,,,,4/28/18,5/19/18,5/20/18,5/20/18,
D054,Burnout Paradise Remastered,Party Pack,PS4,Racing,N,Completed,,,,4/28/18,5/20/18,5/27/18,5/27/18,
D055,Burnout Paradise Remastered,Toy Cars,PS4,Racing,N,Completed,,,,4/28/18,5/27/18,5/27/18,5/27/18,
D056,Forza Horizon 3,Blizzard Mountain,PC,Racing,N,Completed,,,,10/3/18,5/24/19,6/13/19,7/13/19,
D057,Forza Horizon 3,Hot Wheels,PC,Racing,N,Completed,,,,10/3/18,5/24/19,6/14/19,6/27/19,
D058,Borderlands 2,Commander Lilith and the Fight for Sanctuary,360,FPS,N,Completed,,,,6/9/19,6/17/19,6/18/19,6/18/19,
D059,Borderlands 3,Moxxi's Heist of the Handsome Jackpot,PS4,FPS,N,Completed,,,,11/24/19,4/14/20,4/15/20,4/18/20,
D060,Borderlands 3,"Guns, Love, and Tentacles",PS4,FPS,N,Completed,,,,11/24/19,4/20/20,4/22/20,4/23/20,
D061,Kingdom Hearts III,Re Mind,XB1,Action RPG,N,Beaten,,,,5/16/20,5/16/20,5/16/20,,Not worth 30 bucks...