id,gameTitle,gameSystem,nowPlaying,gameStatus,gameHours,gameMinutes,gameNotes,gameADate,gameSDate,gameBDate,gameCDate
1,Time Crisis 2,ARC,N,C,,,"Played through the entire game (with quarters!) Back in the late 90s as an 8 year old, myself, a fellow 3rd grade friend, and two of our summer camp junior counselors played through this game all the way at the arcade, rotating 2-and-2 when we died...just for the quality of the experience back then, this game gets 5 stars.",,,,
4,Need for Speed II,PC,N,C,,,,,,,2013-07-10
603,Call of Duty: Black Ops 4,XB1,Y,B,,,It's in the tray.,2018-10-28,2018-10-30,2018-10-30,
604,Forza Horizon 2,XB1,N,B,,,Terrible event structure.,2018-10-29,2018-10-31,2018-11-05,
606,Gravel,XB1,N,C,,,Gravely.,2018-11-21,2018-11-24,2018-11-24,2018-11-25
607,Okami HD,Switch,N,N,,0,,2018-11-23,,,
609,Gears of War 4,XB1,N,B,,,,2018-12-03,2018-12-03,2018-12-05,
610,Super Smash Bros. Ultimate,Switch,Y,S,,0,,2018-12-16,2018-12-16,,
611,Cities: Skylines,Steam,N,I,,,,2018-12-20,,,
612,Momodora: Reverie Under the Moonlight,Steam,N,N,,,,2018-12-20,,,
613,TINY METAL,Steam,N,N,,,,2018-12-20,,,
614,"Pokemon: Let''s Go, Pikachu!",Switch,N,C,,0,,2018-12-28,2018-12-28,2019-01-03,2019-01-06
615,Octopath Traveler,Switch,N,N,,,,2019-01-09,,,
616,Puyo Puyo Tetris,Switch,N,N,,,,2019-01-09,,,
617,Sonic Mania,Switch,N,N,,,,2019-01-09,,,
618,Tetris 99,Switch,Y,I,,,First win on 2/18.,2019-02-13,2019-02-13,2019-02-18,
620,Super Mario Odyssey,Switch,N,N,0,0,"",,,,
621,A Hat in Time,Steam,N,N,,,"",2019-04-30,,,
608,Crash Bandicoot N. Sane Trilogy,XB1,Y,S,,,Crash!,2018-11-29,2019-05-16,,
619,DiRT Rally 2.0,XB1,N,C,,,"",2019-02-26,2019-02-26,2019-03-16,2019-05-23
626,Tetris Effect,PS4,N,N,,,"",2019-06-07,,,
11,Marble Madness,NES,N,C,,,,,,,
12,Super Mario Bros.,NES,N,C,,,,,,,
13,Dr. Robotnik's Mean Bean Machine,GEN,N,B,,,,,,,
14,Sonic 3D Blast,GEN,N,C,,,,,,,2013-06-28
15,Sonic Spinball,GEN,N,C,,,,,,,
16,Sonic the Hedgehog,GEN,N,B,,,,,,,
17,Sonic the Hedgehog 2,GEN,N,C,,,,,,,
18,1080 Snowboarding,N64,N,C,,,,,,,
19,Beetle Adventure Racing!,N64,N,C,,,,,,,
20,Diddy Kong Racing,N64,N,C,,,,,,,
21,Madden '99,N64,N,B,,,,,,,
22,Mario Golf,N64,N,C,,,,,,,
23,Mario Kart 64,N64,N,C,,,,,,,
24,Mario Party,N64,N,C,,,,,,,
25,Mario Tennis,N64,N,B,,,,,,,
622,WORLD OF FINAL FANTASY,PS4,N,N,,,"",2019-04-30,,,
26,Mischief Makers,N64,N,B,,,,,,,
27,Off Road Challenge,N64,N,C,,,,,,,
28,Paper Mario,N64,N,B,,,,,,,
29,Pokemon Snap,N64,N,C,,,,,,,
30,Pokemon Stadium,N64,N,B,,,,,,,
31,Star Fox 64,N64,N,C,,,,,,,
32,Super Mario 64,N64,N,C,,,,,,,
33,The Legend of Zelda: Ocarina of Time,N64,N,B,,,,,,,
34,Wave Race 64,N64,N,C,,,,,,,
35,Yoshi's Story,N64,N,B,,,,,,,
36,Bugs Bunny in Double Trouble,GG,N,C,,,,,,,
38,Sonic 2,GG,N,B,,,,,,,
39,Sonic Chaos,GG,N,B,,,,,,,
40,Sonic Labyrinth,GG,N,C,,,,,,,2014-05-29
41,Sonic the Hedgehog: Triple Trouble,GG,N,B,,,,,,,
43,Need for Speed III: Hot Pursuit,PC,N,C,,,,1998-03-25,2019-01-25,2019-01-26,2019-01-28
44,F-1 Race,GBC,N,C,,,,,,,2014-05-27
45,Kirby Tilt 'n' Tumble!,GBC,N,C,,,,,,,
46,Kirby's Dream Land,GBC,N,C,,,,,,,
47,Kirby's Pinball Land,GBC,N,C,,,,,,,
48,Marble Madness,GBC,N,C,,,,,,,
49,Mario Golf,GBC,N,C,,,,,,,
50,Pokemon Pinball,GBC,N,B,,,,,,,
51,Pokemon Red,GBC,N,B,,,,,,,
52,Pokemon Silver,GBC,N,C,,,,,,,
53,Pokemon Trading Card Game,GBC,N,C,,,,,,,
54,Pokemon Yellow,GBC,N,B,,,,,,,
55,Super Mario Land,GBC,N,C,,,,,,,
56,Super Mario Land 2: Six Golden Coins,GBC,N,C,,,,,,,
57,The Legend of Zelda: Link's Awakening,GBC,N,C,,,,,,,
58,Crazy Taxi,DC,N,C,,,,,,,
59,Gauntlet Legends,DC,N,C,,,,,,,
60,Hydro Thunder,DC,N,C,,,,,,,
61,Matt Hoffman's Pro BMX,DC,N,C,,,,,,,
62,NFL 2K1,DC,N,B,,,,,,,
63,Power Stone,DC,N,C,,,,,,,
64,Power Stone 2,DC,N,B,,,,,,,
65,Q*bert,DC,N,C,,,,,,,
66,Sega Bass Fishing,DC,N,C,,,,,,,
67,Sega GT,DC,N,B,,,,,,,
68,Sonic Adventure,DC,N,C,,,,,,,2012-12-01
69,Virtua Tennis,DC,N,C,,,,,,,
70,Advance Wars,GBA,N,C,55,0,Playtime estimated...but it's a true 100%.,,,,
71,Advance Wars 2: Black Hole Rising,GBA,N,C,45,0,Playtime estimated...but it's a true 100%.,,,,
72,Final Fantasy,GBA,N,C,21,39,,,,,
73,Final Fantasy II,GBA,N,C,6,13,,,,,
74,Final Fantasy IV,GBA,N,C,35,7,,,,,
75,Final Fantasy Tactics Advance,GBA,N,C,97,35,,,,,
76,Final Fantasy V,GBA,N,B,32,9,,,,,
77,F-Zero: Maximum Velocity,GBA,N,C,,,,,,,
78,Golden Sun,GBA,N,C,29,59,,,,,
79,Golden Sun: The Lost Age,GBA,N,M,54,0,Playtime estimated...but it's a true 100%.,,,,
80,Kirby & The Amazing Mirror,GBA,N,C,,,,,,,
81,Kirby: Nightmare in Dream Land,GBA,N,C,,,,,,,
82,Mario vs. Donkey Kong,GBA,N,C,,,,,,,
83,Matt Hoffman's Pro BMX,GBA,N,C,,,,,,,
84,Metal Slug Advance,GBA,N,B,,,,,,,
85,Pokemon Ruby,GBA,N,C,300,0,Top 10 most regrettable trade-ins...playtime estimated.,,,,
86,Super Mario World: Super Mario Advance 2,GBA,N,C,,,,,,,
87,The Legend of Zelda: A Link to the Past/Four Swords,GBA,N,C,,,,,,,
88,"Wario Ware, Inc. Mega Microgame$!",GBA,N,C,,,,,,,
90,Baten Kaitos: Eternal Wings and the Lost Ocean,GCN,N,B,,,,,,,
91,Donkey Konga,GCN,N,B,,,,,,,
92,Final Fantasy Crystal Chronicles,GCN,N,C,,,,,,,
93,Hello Kitty: Roller Rescue,GCN,N,C,,,,,,,
94,Kirby Air Ride,GCN,N,C,,,,,,,
95,Luigi's Mansion,GCN,N,C,,,,,,,
96,Mario Golf Toadstool Tour (Target Special Edition),GCN,N,B,,,,,,,
97,Mario Kart: Double Dash!!,GCN,N,C,,,,,,,
98,Metroid Prime,GCN,N,C,14,20,,,,,
99,Metroid Prime 2: Echoes,GCN,N,B,14,34,,,,,
100,PAC-MAN World 2,GCN,N,B,10,42,,,,,
101,Paper Mario: The Thousand Year Door,GCN,N,B,22,44,,,,,
102,Pikmin,GCN,N,C,,,,,,,
103,Shadow the Hedgehog,GCN,N,C,,,,,,,
104,Sonic Adventure 2: Battle,GCN,N,B,24,55,,,,,
105,Super Mario Sunshine,GCN,N,C,,,,,,,
106,Super Monkey Ball 2,GCN,N,C,,,,,,,
107,Super Smash Bros. Melee,GCN,N,C,286,14,,,,,
108,The Legend of Zelda: Four Swords Adventures,GCN,N,C,,,,,,,
109,The Legend of Zelda: Twilight Princess,GCN,N,B,,,,,,,
110,The Legend of Zelda: Wind Waker,GCN,N,B,,,,,,,
111,Tony Hawk's Pro Skater 4,GCN,N,C,,,,,,,
627,Spyro Reignited Trilogy,XB1,N,N,,,"",2019-06-07,,,
112,Wario Ware Inc: Mega Party Games!,GCN,N,B,,,,,,,
113,ATV Offroad Fury 3,PS2,N,C,18,20,,,,,
114,Dance Dance Revolution Extreme (JP),PS2,N,C,,,,,,,
115,Dance Dance Revolution Extreme 2,PS2,N,M,,,,,,,
116,Dance Dance Revolution SuperNOVA,PS2,N,C,,,,,,,
623,Everybody's Golf,PS4,N,N,,,"",2019-04-30,,,
117,Dance Dance Revolution SuperNOVA 2,PS2,N,C,,,,,,,
118,Dance Dance Revolution X,PS2,N,C,,,,,,,
119,DDRMAX: Dance Dance Revolution,PS2,N,M,,,,,,,
628,Final Fantasy XII: The Zodiac Age,PS4,N,N,,,"",2019-06-07,,,
120,DDRMAX2: Dance Dance Revolution (JP),PS2,N,M,,,,,,,
121,Devil May Cry,PS2,N,B,6,11,,,2013-10-28,2013-10-31,
122,Devil May Cry 2,PS2,N,B,3,34,,,2013-10-31,2013-11-14,
123,DT Racer,PS2,N,C,,,,,,,
124,Duel Masters,PS2,N,B,,,,,,,
125,Final Fantasy IX,PS,N,B,35,21,,,,,
126,Final Fantasy V,PS,N,B,,,,,,,
127,Final Fantasy VI,PS,N,B,28,3,,,,,
128,Final Fantasy VII,PS,N,B,30,20,,,,,
129,Final Fantasy VIII,PS,N,B,36,9,,,,,
130,Final Fantasy X,PS2,N,B,32,35,,,,,
131,Final Fantasy X-2,PS2,N,B,18,49,,,,2013-10-09,
132,Final Fantasy XII: Collector's Edition,PS2,N,B,62,43,,,,,
133,In The Groove,PS2,N,B,,,,,,,
134,Kingdom Hearts,PS2,N,B,26,58,,,,2013-05-23,
135,Kingdom Hearts II,PS2,N,B,30,37,,,2013-05-23,2013-07-25,
136,NCAA Football 06,PS2,N,B,,,,,,,
137,Sly 2: Band of Thieves,PS2,N,C,11,18,,,,,
138,Sly Cooper and the Thievius Raccoonus,PS2,N,C,,,,,,,
140,Star Wars Battlefront II,PS2,N,B,19,17,,,,,
141,Advance Wars: Days of Ruin,NDS,N,B,50,49,,,,,
142,Advance Wars: Dual Strike,NDS,N,B,140,58,,,,,
144,Big Brain Academy,NDS,N,C,,,,,,,
145,Bomberman,NDS,N,C,3,21,,,,,
146,Chrono Trigger,NDS,N,B,17,27,,,2013-01-08,2013-01-25,
147,Final Fantasy III,NDS,N,B,35,12,,,,,
148,Final Fantasy Tactics A2: Grimoire of the Rift,NDS,N,C,108,59,,,,2013-09-03,2016-02-18
149,Golden Sun: Dark Dawn,NDS,N,B,27,40,,,,,
150,Kirby Squeak Squad,NDS,N,C,,,,,,,
151,Kirby Super Star Ultra,NDS,N,C,,,,,,,
152,Mario Kart DS,NDS,N,C,,,,,,,
153,New Super Mario Bros.,NDS,N,C,,,,,,,
154,Nintendogs: Lab & Friends,NDS,N,B,,,,,,,
155,Pokemon Diamond,NDS,N,B,400,0,Not sure where this is...,,,,
156,Pokemon Platinum,NDS,N,B,219,6,,,,,
157,Pokemon Soul Silver,NDS,N,B,35,27,,,2013-05-02,2013-05-13,
158,Polarium,NDS,N,C,33,28,,,,,
159,Rayman DS,NDS,N,B,,,,,,,
160,Ridge Racer DS,NDS,N,C,,,,,,,
161,Sonic Chronicles,NDS,N,B,7,42,,,,,
162,Sonic Rush,NDS,N,B,5,22,,,,2013-07-30,
163,Super Mario 64DS,NDS,N,C,,,,,,,
164,Tetris DS,NDS,N,C,,,22422 Tetris Points,,,,
165,The Legend of Zelda: Phantom Hourglass,NDS,N,C,,,,,,,
166,The Legend of Zelda: Spirit Tracks,NDS,N,B,18,17,,,,,
167,Wario Ware: Touched!,NDS,N,C,,,,,,,
168,Sonic and the Black Knight,Wii,N,B,2,36,,,2013-01-27,2013-01-29,
169,Sonic Colors,Wii,N,B,2,22,,,,2013-04-28,
170,Mario Kart 64,VC,N,C,20,49,,,,,
171,Gradius,VC,N,B,1,9,,2006-12-25,2006-12-25,2006-12-25,
172,Gunstar Heroes,VC,N,B,8,31,,2006-12-25,2006-12-25,2006-12-25,
173,Super Mario Bros.,VC,N,C,7,44,,2006-12-25,2006-12-25,,
175,WarioWare: Smooth Moves,Wii,N,C,7,32,,2007-04-01,2007-04-01,2007-04-01,2007-07-01
176,Super Paper Mario,Wii,N,C,29,57,,2007-04-09,2007-04-09,2007-04-30,2008-03-01
177,Boxed In,iPod,N,C,,,,,,,
178,Trace,iPod,N,C,,,,,,,
179,Pokemon Battle Revolution,Wii,N,B,13,8,,2007-07-01,2007-07-01,2007-07-01,
180,Super Mario Bros. 2 (The Lost Levels),VC,N,B,7,12,,2007-11-01,2007-11-01,2013-02-15,
181,Super Mario Bros. 3,VC,N,C,10,4,,2007-11-01,2007-11-01,2012-04-07,
182,Super Mario Galaxy,Wii,N,C,51,55,,2007-11-01,2007-11-01,2007-12-01,2008-07-16
183,Super Monkey Ball: Banana Blitz,Wii,N,C,18,12,,2007-11-01,2007-11-01,2007-11-01,2008-05-01
184,Madden 08,Wii,N,B,30,0,,2007-12-25,2007-12-25,2007-12-25,
185,Wii Play,Wii,N,C,3,35,,2007-12-25,2007-12-25,2007-12-25,2007-12-25
187,Super Smash Bros. Brawl,Wii,N,B,289,11,,2008-03-09,2008-03-09,2008-03-09,
188,Guitar Hero III: Legends of Rock,Wii,N,B,22,36,,2008-03-10,2008-03-10,2008-03-10,
189,Mario Kart Wii,Wii,N,C,80,38,,2008-05-29,2008-05-29,2008-05-29,2008-06-08
190,Beat Hazard,Steam,N,B,,,,,,,
191,BIT.TRIP BEAT,Steam,N,B,,,,,,2013-06-07,
192,Blur,Steam,N,B,,,,,,,
193,Bomb Sworders,Steam,N,W,,,,,,,
194,Bullet Candy,Steam,N,B,,,,,,,
195,Chime,Steam,N,B,,,,,,,
196,Cogs,Steam,N,B,,,,,2012-11-23,2012-11-23,
197,Core Pack,Steam,N,B,,,,,,2013-11-24,
198,Counter-Strike: Source,Steam,N,B,,,,,,,
201,Day of Defeat: Source,Steam,N,B,,,,,,,
202,DEFCON,Steam,N,B,,,,,,2012-11-23,
203,DiRT 3 Complete Edition,Steam,N,B,,,,,,,
204,Droplitz,Steam,N,B,,,,,,,
205,Due Process,Steam,N,W,,,,,,,
206,Dunk Lords,Steam,N,W,,,,,,,
207,Earth Defense Table,Steam,N,B,,,,,,2013-11-24,
208,Eufloria,Steam,N,B,,,,,,2013-02-28,
209,Eufloria HD,Steam,N,B,,,,,,2015-07-12,
210,Galcon Fusion,Steam,N,B,,,,,,,
211,Geometry Wars: Retro Evolved,Steam,N,C,,,,,,,2012-11-24
213,Grand Theft Auto III,Steam,N,B,,,,,2013-07-17,2013-07-19,
214,Grand Theft Auto: San Andreas,Steam,N,B,,,,,,,
215,Grand Theft Auto: Vice City,Steam,N,B,,,,,2013-09-22,2014-08-15,
624,The Last Guardian,PS4,N,N,,,"",2019-04-30,,,
216,Half-Life 2,Steam,N,B,,,,,,,
218,Half-Life 2: Episode One,Steam,N,B,,,,,,2013-02-22,
219,Half-Life 2: Episode Two,Steam,N,B,,,,,2013-02-22,2013-02-24,
220,Lumines,Steam,N,B,,,,,,2012-11-23,
221,Paranormal Table,Steam,N,B,,,,,,2013-11-24,
222,Plain Sight,Steam,N,B,,,,,,,
223,Portal,Steam,N,B,,,,,,,
224,Portal 2,Steam,N,B,,,,,,2013-07-10,
225,Puzzle Agent,Steam,N,C,,,,,2013-03-08,2013-03-10,2013-03-10
226,Puzzle Dimension,Steam,N,B,,,,,,2013-03-19,
227,QuantZ,Steam,N,B,,,,,,,
228,Rhythm Zone,Steam,N,B,,,,,,,
229,Sid Meier's Civilization 5,Steam,N,B,,,,,,,
230,Sorcerer's Lair,Steam,N,B,,,,,,2013-11-24,
231,Super Laser Racer,Steam,N,B,,,,,,,
232,Team Fortress 2,Steam,N,B,,,,,,,
233,Torchlight,Steam,N,C,,,,,,2013-03-08,2018-01-07
234,Turba,Steam,N,B,,,,,,,
235,VVVVVV,Steam,N,B,,,,,,,
236,Zen Classics Pack,Steam,N,B,,,,,,2013-11-24,
238,Mario Golf,VC,N,C,60,8,,2009-12-25,2009-12-25,2009-12-25,2016-12-31
239,Mega Man 9,VC,N,B,28,43,,2009-12-25,2009-12-25,2013-03-15,
240,Call of Duty: Black Ops,360,N,B,183,21,"Beat on Regular difficulty. I thought the campaign was really fantastic. This was the first FPS I ever really played thoroughly, getting to 4th prestige (for whatever reason XD), but I had a good time with this game.",,,,
241,Call of Duty: Black Ops II,360,N,B,204,2,"Master Prestige, Rank 6 Silver. I love CoD.",,,,
242,Call of Duty: Modern Warfare 2,360,N,B,11,14,Woohoo! Black Ops and MW3 are still my games of choice.,,,,
243,Call of Duty: Modern Warfare 3,360,N,B,151,13,"6th prestige, level 41. Really cool campaign. Can''t wait to finish the first two games now so I know what just happened. XD",,,,
245,DiRT,360,N,C,16,38,ONE THOUSAND MILES.Actually turned out to be pretty fantastic once it grew on me. Screw Rally Raid. XD ,,,,
246,DiRT 2,360,N,C,20,0,"Missions with Brando. XD After playing, 3, Showdown, and 1 in that order, 2 might actually be my favorite of them all. Even though I love all 4 in the series.",,,,
247,DiRT 3,360,N,C,67,13,"Rep 30, Fanbase 40. The best racing game I''ve played in a long, long time.",,,,
248,DiRT Showdown,360,N,C,40,5,"Racenet Team Championship. DiRT 3 definitely wins for realistic car control, but the fireworks and amazing gameplay make me fall in love with this spinoff. Another awesome racing game.",,,,
249,Final Fantasy XIII,360,N,C,109,28,"Treasure Hunter was merciless. I can''t even begin to describe how much I love this game. Everyone hated on the open world, but I thought the story should have more than made up for it, and I actually kinda liked the linearity.",,,,2013-07-15
250,Final Fantasy XIII-2: Collector's Edition,360,N,C,62,26,1000 GS and 160 fragments in 62:26:16! :D,,,,
251,Forza Horizon,360,N,C,28,50,"Yellow 25 in multiplayer. Horrible collision, excellent and fun game, DLC costs way too much and I''m not paying for it.",,2012-12-03,2012-12-05,2012-12-07
252,Marvel vs. Capcom 3: Fate of Two Worlds,360,N,B,31,14,"Beat Arcade mode on Easy :P Worst game ever. Trololololololol XD such a rage game. Blast with friends, it''s really that simple. This game can and will make you hate things though.",,,,
253,Street Fighter IV,360,N,B,,,Beat arcade mode or something. Bleh. Not really a Street Fighter kind of player. It's an okay game. More fun to watch high-level players.,,,,
254,Tekken 6,360,N,B,0,31,"Beat something. Bleh, I''m not much of a Tekken player. But I love Eddy!",,,,
255,Ultimate Marvel vs. Capcom 3,360,N,B,5,12,I don't play this game. XD RAGE.,,,,
256,Virtua Tennis 3,360,N,B,13,9,"#1 Rank! :D Still need the other half of the achievements. I actually prefer the gameplay of the original Virtua Tennis for Dreamcast, but the career mode in this game is quite well done.",,,,
258,Crazy Taxi,XBLA,N,C,,,,,,,
259,Daytona USA,XBLA,N,C,,,,,,,
260,Happy Wars,XBLA,N,B,,,,,,,
261,Ms. PAC-MAN,XBLA,N,C,,,,,,,
262,PAC-MAN Championship Edition DX+,XBLA,N,C,,,,,,,
263,Sonic Adventure DX: Director's Cut,XBLA,N,C,30,56,,,,,
264,PokÃ©mon GO,Droid,N,I,,,,,,,
265,Super Mario Galaxy 2,Wii,N,C,37,30,,2010-05-26,2010-05-26,2010-06-05,2013-05-26
266,New Super Mario Bros. Wii,Wii,N,B,2,28,,2010-06-28,2010-06-28,2010-06-28,
267,StarCraft II: Heart of the Swarm,BNet,N,B,,,Waiting for the Void.,,,,
268,StarCraft II: Legacy of the Void,BNet,N,N,,,Haven't started.,,,,
269,StarCraft II: Wings of Liberty,BNet,N,B,,,ggwp. Definitely back into StarCraft. ^_^,,,,
270,Metroid Prime 3: Corruption,Wii,N,B,24,5,,2010-12-25,2010-12-25,2013-04-12,
271,Balloon Fight,VCH,N,I,,,,,,,
272,Donkey Kong Jr.,VCH,N,I,,,,,,,
273,Find Mii,3DS,N,C,,,Got all the helmets!,,,,2013-07-10
274,Find Mii 2,3DS,N,C,,,"All hats! :D StreetPass games, yay! This''ll always be a classic.",,,2013-07-10,2013-11-08
275,Fire Emblem: The Sacred Stones,VCH,N,B,24,10,,,,,
276,F-Zero: Maximum Velocity,VCH,N,B,,,,,,,
277,Ice Climber,VCH,N,I,,,,,,,
278,Kirby & The Amazing Mirror,VCH,N,C,6,20,,,,,
279,Mario & Luigi: Bowser's Inside Story,3DS,N,W,,,,,,,
280,Mario and Donkey Kong: Minis on the Move,3DS,N,B,,,30 stars.,,,,
281,Mario Golf,VCH,N,C,5,46,,,,,
282,Mario Kart: Super Circuit,VCH,N,B,1,47,,,,2012-11-25,
283,Mario vs. Donkey Kong,VCH,N,B,4,20,,,,,
284,Mega Man,VCH,N,C,2,23,,,,,
625,Brut@l,PS4,N,N,,,"",2019-04-30,,,
285,Metroid,VCH,N,B,5,8,,,2013-03-12,2013-03-15,
286,Metroid Fusion,VCH,N,B,10,47,,,2013-01-29,2013-02-06,
287,Mii Force,3DS,N,C,,,Hard Arcade mode. Shmup with streetpasses. PERFECT.,,2013-11-01,2013-11-06,2014-01-27
288,Monster Manor,3DS,N,C,,,Thanks BB!,,2013-11-01,2013-12-05,2014-03-17
289,NES Open Tournament Golf,VCH,N,B,,,,,,,
290,Pokemon Omega Ruby,3DS,N,B,26,57,Battle Resort! Champion in 17:00!,,2014-12-02,2015-04-04,
291,Puzzle Swap,3DS,N,C,188,,929/929.,,,2013-07-10,2013-11-13
292,Super Mario Bros.,VCH,N,C,,,,,,,2013-02-06
293,The Legend of Zelda,VCH,N,B,7,11,,,,,
294,The Legend of Zelda: Four Swords 25th Anniversary Edition,3DS,N,B,18,51,"Silver keys + 5 medals. You don''t know how many medals of courage I stole from people as a 5th grader. XD So when I realized that this was a FREE DOWNLOAD, I freaked out. One of the best multiplayer games ever.",,,,
295,The Legend of Zelda: The Minish Cap,VCH,N,B,13,18,,,,,
296,The Legend of Zelda: Tri-Force Heroes,3DS,N,B,16,23,Outfits.,,,2015-11-18,
297,Wario Land 4,VCH,N,B,8,28,,,2012-12-07,,
298,"Wario Ware, Inc. Mega Microgame$!",VCH,N,B,,,,,,,
299,Warrior's Way,3DS,N,C,,,IT'S OVER.,,2013-11-01,2013-11-29,2014-09-12
300,Wrecking Crew,VCH,N,I,,,,,,,
301,Yoshi,VCH,N,I,,,,,,,
302,Yoshi's Island: Super Mario Advance 3,VCH,N,B,7,47,,,,2012-12-21,
303,Zelda II: The Adventure of Link,VCH,N,B,7,54,,,,,
304,Asura's Wrath,PS3,N,B,,,,,,,
305,Twisted Metal,PS3,N,B,,,,,,,
306,Hexic HD,XBLA,N,B,,,,2012-11-28,,,
307,Assassin's Creed III,360,N,B,11,18,"I''ve never played a game like this before, and it was very, very sweet.",2012-12-11,2012-12-26,2013-02-14,
308,Donkey Kong Country,SNES,N,B,,,,2012-12-20,,,
309,Kirby's Avalanche,SNES,N,B,,,,2012-12-20,,,
310,Super Mario Advance: Super Mario Bros. 2,GBA,N,C,,,,2012-12-20,,,
311,Super Mario Bros. 2,NES,N,C,,,,2012-12-20,,,
312,Super Mario Bros. 3,NES,N,C,,,,2012-12-20,,,
313,Super Mario World 2: Yoshi's Island,SNES,N,C,,,,2012-12-20,,,
314,Paper Mario: Sticker Star,3DS,N,C,29,4,8/8 super flags in 29:04! Absolute joy to play. Paper Mario strikes again!,2012-12-25,2012-12-25,2013-01-01,2013-01-03
315,Forza Motorsport 3,360,N,B,,,Won R1 championship. Very solid racing game. Nearly perfect...just needs more track variety. Got very stale after season 3.,2012-12-26,,2013-01-16,
316,Half-Life 2: Lost Coast,Steam,N,C,,,,2013-01-29,,,2013-02-24
317,Taptiles,WinStr,N,B,,,,2013-02-05,2013-02-05,2013-02-05,
318,Zombies.,PC,N,I,,,,2013-02-08,,,
319,Superstar V8 Next Challenge,PC,N,I,,,,2013-02-14,,,
320,Mega Man 10,XBLA,N,B,,,,2013-02-17,,2013-02-17,
321,GRID,360,N,C,,,"Legend is the final goal...Glitched achievement, GG. Completely different racing style from DiRT and Forza, but enjoyable. Not a fan of majorly glitched games, however.",2013-03-02,2013-03-03,2013-03-10,
322,Tetris Battle,PC,N,I,,,,2013-03-23,,,
323,DiRT 2,Steam,N,B,,,,2013-03-29,,2013-04-07,
324,Gears of War,360,N,B,,,"Finished the game on Casual. Man...Casual was plenty tough enough for me. XD Great game, makes me want to play the sequels...",2013-04-01,2013-07-10,2013-07-16,
325,GRID 2,360,N,C,28,30,Level 23 multiplayer. Other than Virgin Media Endurance on Very Hard (aka impossible) this was a very enjoyable game. Time to wait for DiRT 4!,2013-04-01,2013-05-28,2013-06-05,2013-06-07
326,Tony Hawk's Pro Skater HD,XBLA,N,B,,,,2013-04-18,,2013-04-19,
327,Trials Evolution,XBLA,N,C,19,58,,2013-04-19,,2013-04-21,2014-04-24
328,Torchlight II,Steam,N,I,,,,2013-06-07,2013-06-09,2013-10-04,
329,Borderlands 2,360,N,C,183,45,Level 56 Gunzerker.,2013-07-07,2013-07-12,2013-12-07,2014-01-29
330,TrackMania Nations Forever,PC,N,I,,,,2013-07-08,,,
331,Audiosurf,PC,N,I,,,,2013-07-10,,,
332,Combat Arms,PC,N,I,,,,2013-07-10,,,
333,Grand Chase,PC,N,B,,,,2013-07-10,,,
334,Gunbound Revolution,PC,N,I,,,,2013-07-10,,,
335,Kart Rider,PC,N,I,,,,2013-07-10,,,
336,Stepmania,PC,N,I,,,,2013-07-10,,,
337,Virtual Pool 2,PC,N,I,,,,2013-07-10,,,
338,Assassin's Creed II,360,N,B,10,37,"AC3 is better, but this was a fantastic game as well. ^_^",2013-07-16,2013-08-15,2013-11-04,
339,Sonic Generations,360,N,B,5,30,"Fun stuff! Gonna work on completion soon. Typical Sonic game. Pretty easy to learn, hard to master. This one''s a bit generous in terms of difficulty, but extremely fun and something I look forward to playing again.",2013-07-26,2013-08-01,2013-08-02,
340,Crackdown,360,N,B,,,"Thanks for the help Alex! Pretty fun game, if not a bit frustrating at times.",2013-08-02,,2013-08-31,
341,Super Meat Boy,Steam,N,C,,,,2013-08-04,,2013-08-05,2014-04-27
342,DOTA 2,Steam,N,I,,,,2013-08-14,,,
343,Burnout Paradise: The Ultimate Box,Steam,N,B,,,,2013-08-15,2013-08-17,2013-09-08,
344,Medal of Honor,Steam,N,B,,,,2013-08-15,2013-09-22,2013-09-24,
345,Mirror's Edge,Steam,N,B,,,,2013-08-15,2013-09-24,2013-10-05,
346,Pokemon White,NDS,N,B,45,11,,2013-08-23,2013-09-03,2013-09-18,
347,PAC-MAN Championship Edition DX+,Steam,N,C,,,,2013-09-20,,2013-09-25,2013-09-27
348,Dance Dance Revolution Extreme,PS2,N,C,,,,2013-09-23,,2013-09-27,2013-10-01
349,Pokemon Y,3DS,N,B,158,36,"Inspired by the World Championships...28/50 in a row is my best so far. Kalos Champion in 31:21! Honestly, I never thought I''d play a game like Silver again. That perfect, polished feeling. The level curve could have been more challenging, but in the end, the multiplayer additions more than make up for it.",2013-10-01,2013-10-12,2013-10-14,
350,Flower Town,3DS,N,C,,,Missing about 100 colors. All plants. My 2nd favorite streetpass game. Fun!,2013-11-01,,2013-11-13,2014-01-15
351,The Legend of Zelda: A Link Between Worlds,3DS,N,B,16,17,"Going for completion on Hero Mode. Awesome, awesome game. Hero Mode should make it a lot more challenging!",2013-11-18,2013-11-24,2013-11-28,
352,Epic Quest Table,Steam,N,B,,,,2013-11-24,,2013-11-24,
353,Marvel Pinball: Avengers Chronicles Pack,Steam,N,B,,,,2013-11-24,,2013-11-24,
354,Marvel Pinball: Original Pack,Steam,N,B,,,,2013-11-24,,2013-11-24,
355,Star Wars Pack,Steam,N,B,,,,2013-11-24,,2013-11-24,
356,Dark Souls: Prepare to Die Edition,Steam,N,B,,,,2013-11-28,2013-11-28,2013-12-08,
357,Fire Emblem: Awakening,3DS,N,B,33,34,Finished the game on Classic Hard.,2013-11-29,,2014-06-17,
358,Dust: An Elysian Tail,Steam,N,B,,,,2013-12-02,2014-04-12,2014-04-15,
359,Hearthstone: Heroes of Warcraft,BNet,N,I,,,,2013-12-03,,,
360,Borderlands: Game of the Year Edition,Steam,N,C,,,,2013-12-07,2013-12-26,2014-01-31,2017-11-05
361,Bravely Default,3DS,N,C,82,15,Everything.,2013-12-17,2014-02-12,2014-03-29,2014-09-07
362,Mario Party: Island Tour,3DS,N,B,7,54,Traded in.,2013-12-25,2013-12-25,2013-12-28,
363,Valdis Story: Abyssal City,Steam,N,B,,,,2014-01-01,2014-03-12,2014-04-11,
364,TrackManiaÂ² Stadium,Steam,N,B,,,,2014-01-02,2014-01-30,2014-01-30,
365,DiRT 3,Steam,N,B,,,,2014-01-31,,2014-03-08,
366,DiRT Showdown,Steam,N,C,,,,2014-01-31,2014-03-12,2014-03-12,2017-12-03
367,Lightning Returns: Final Fantasy XIII,360,N,B,22,38,It took 22 hours to end the world. XD,2014-01-31,2014-02-13,2014-02-18,
368,DDRMAX2: Dance Dance Revolution,PS2,N,C,,,,2014-02-05,,2014-02-05,2014-03-07
369,RESOGUN,PS4,N,C,,,,2014-02-16,,2014-02-16,2014-06-01
370,Trials Fusion,PS4,N,B,,,,2014-04-18,,2014-04-18,
371,Grand Theft Auto 2,Steam,N,I,,,,2014-04-22,,,
372,Next Car Game,Steam,N,I,,,,2014-04-22,,,
373,Operation Flashpoint: Dragon Rising,Steam,N,I,,,,2014-04-22,,,
374,Operation Flashpoint: Red River,Steam,N,I,,,,2014-04-22,,,
375,Overlord,Steam,N,I,,,,2014-04-22,,,
376,Overlord II,Steam,N,I,,,,2014-04-22,,,
377,Stonehearth,Steam,N,I,,,,2014-04-22,,,
379,Heroes of the Storm,BNet,N,I,,,,2014-05-12,,,
380,Plants vs. Zombies: Game of the Year Edition,Origin,N,B,,,,2014-05-12,2014-06-04,2014-06-13,
381,Diablo II,PC,N,B,,,,2014-05-19,2014-06-05,2014-06-10,
382,Bastion,Steam,N,B,,,,2014-05-28,2014-07-27,2014-07-29,
383,Diablo III,BNet,N,C,,,,2014-06-02,2014-06-21,2014-07-09,2014-07-12
384,Trials Frontier,Droid,N,C,,,,2014-06-20,,2014-08-07,2014-08-07
385,Peggle Deluxe,Steam,N,B,,,,2014-06-22,2014-06-25,2014-06-25,
386,Peggle Nights,Steam,N,B,,,,2014-06-22,2014-06-25,2014-07-04,
387,Pokemon Trading Card Game Online,PC,N,I,,,,2014-06-25,,,
388,Rise of the Argonauts,Steam,N,I,,,,2014-07-03,,,
389,Chrono Cross,PS,N,S,,,,2014-08-20,,,
390,Devil May Cry 3,PS2,N,S,6,26,,2014-08-20,,,
391,Final Fantasy Tactics,PS,N,B,24,54,,2014-08-20,,2015-10-30,
392,Star Wars: Knights of the Old Republic,Steam,N,S,,,,2014-08-20,,,
393,The Elder Scrolls V: Skyrim,Steam,N,S,,,,2014-08-20,,,
394,FEZ,PS4,N,B,,,,2014-08-21,,2014-08-26,
2,Guild Wars 2,PC,N,I,,,,,,,
3,MapleStory,PC,N,I,4156,0,"My most played game. 2156 hours tracked via Xfire, estimated 2000 more before/after the Xfire days.",,,,
7,Dr. Mario,NES,N,I,,,,,,,
8,Excitebike,NES,N,I,,,,,,,
37,Ms. PAC-MAN,GG,N,I,,,,,,,
42,Super Columns,GG,N,I,,,,,,,
89,Animal Crossing,GCN,N,I,,,,,,,
143,Animal Crossing: Wild World,NDS,N,I,,,,,,,
174,Wii Sports,Wii,N,I,111,31,,2006-12-25,2006-12-25,,
186,StarTropics,VC,N,I,7,35,,2008-01-01,2008-01-01,,
199,Counter-Strike: Source Beta,Steam,N,I,,,,,,,
200,Darwinia,Steam,N,I,,,,,,,
212,Grand Theft Auto,Steam,N,I,,,,,,,
217,Half-Life 2: Deathmatch,Steam,N,I,,,,,,,
237,Wii Sports Resort,Wii,N,I,44,26,,2009-10-22,2009-10-22,2009-10-22,2009-10-22
244,Devil May Cry 4,360,N,I,,,"Let my cousin play it and now I can''t find it!? T_T Might need to rebuy. Just from what I gathered watching my cousin play, the game is fantastic.",,,,
257,Wii Fit Plus,Wii,N,I,32,52,,2010-01-01,2010-01-01,2010-01-01,2010-01-01
395,Bloodborne,PS4,N,S,,,,,2015-11-14,,
397,Code Vein,PS4,N,W,,,,,,,
398,Final Fantasy VII,PS4,N,W,,,,,,,
400,Kingdom Hearts III,PS4,N,W,,,,,,,
401,Naruto to Boruto: Shinobi Striker,PS4,N,W,,,,,,,
403,Overwatch,PS4,N,I,,,,,,,
404,Shenmue III,PS4,N,W,,,,,,,
406,Star Ocean: Integrity and Faithlessness,PS4,N,W,,,,,,,
409,Destiny,PS4,N,B,,,,2014-09-11,,2014-09-16,
410,Crypt of the NecroDancer,Steam,N,S,,,,2014-09-27,2015-03-18,,
411,Super Smash Bros. for Nintendo 3DS,3DS,N,B,9,32,Almost done with Challenges page 2.,2014-10-02,,2014-10-07,
412,DRIVECLUB,PS4,N,C,,,,2014-10-07,2014-10-11,2014-10-12,2014-12-04
413,Gauntlet,Steam,N,N,,,,2014-11-13,,,
414,Injustice: Gods Among Us Ultimate Edition,Steam,N,N,,,,2014-11-13,,,
415,Final Fantasy XIV: A Realm Reborn,Steam,N,I,,,,2014-11-16,,,
416,Grid Autosport,Steam,N,B,,,,2014-11-29,2014-12-02,2017-02-12,
417,Peggle 2,PS4,N,C,,,,2014-12-27,2014-12-27,2014-12-31,2016-01-02
418,Lara Croft and the Temple of Osiris,PS4,N,B,,,,2014-12-31,,2015-07-28,
419,The Legend of Zelda: Majora's Mask 3D,3DS,N,B,20,30,Optional stuff.,2015-03-18,2015-03-18,2016-05-13,
420,Borderlands 2,PS4,N,C,,,,2015-03-31,2015-03-31,2015-10-27,2015-11-14
421,Borderlands: The Pre-Sequel,PS4,N,C,,,,2015-03-31,,2015-10-18,2016-01-31
422,Final Fantasy Type-0 HD,PS4,N,C,,,,2015-03-31,2015-06-04,2015-12-29,2015-12-29
423,Jet Set Radio,Steam,N,B,,,,2015-04-11,2015-04-11,2015-10-16,
424,Valkyria Chronicles,Steam,N,N,,,,2015-05-25,,,
425,Tales from the Borderlands,Steam,N,C,,,,2015-06-11,2015-10-18,2015-10-18,2015-10-24
426,A Story About My Uncle,Steam,N,N,,,,2015-07-12,,,
427,Antichamber,Steam,N,C,,,,2015-07-12,2015-07-12,2015-07-12,2015-07-12
428,Brothers - A Tale of Two Sons,Steam,N,N,,,,2015-07-12,,,
429,Darksiders,Steam,N,N,,,,2015-07-12,,,
430,Darksiders II,Steam,N,N,,,,2015-07-12,,,
431,Dragon Age: Origins - Ultimate Edition,Steam,N,N,,,,2015-07-12,,,
432,Epic Battle Fantasy 4,Steam,N,S,,,,2015-07-12,2015-10-16,,
433,FEZ,Steam,N,N,,,,2015-07-12,,,
434,Freedom Planet,Steam,N,S,,,,2015-07-12,2015-10-16,,
435,Hero Siege,Steam,N,N,,,,2015-07-12,,,
436,Ikaruga,Steam,N,N,,,,2015-07-12,,,
437,Magicite,Steam,N,N,,,,2015-07-12,,,
438,Need for Speed: Hot Pursuit,Steam,N,B,,,,2015-07-12,2015-10-31,2015-10-31,
439,One Finger Death Punch,Steam,N,N,,,,2015-07-12,,,
440,Risk of Rain,Steam,N,N,,,,2015-07-12,,,
441,Robot Roller-Derby Disco Dodgeball,Steam,N,N,,,,2015-07-12,,,
442,RollerCoaster Tycoon 3: Platinum!,Steam,N,N,,,,2015-07-12,,,
443,Screencheat,Steam,N,N,,,,2015-07-12,,,
444,Shadowrun Returns,Steam,N,N,,,,2015-07-12,,,
445,Shadowrun: Dragonfall - Director's Cut,Steam,N,N,,,,2015-07-12,,,
446,The Legend of Korra,Steam,N,B,,,,2015-07-12,2015-07-26,2015-07-26,
447,Transistor,Steam,N,N,,,,2015-07-12,,,
448,Trine 2,Steam,N,N,,,,2015-07-12,,,
449,Ys Origin,Steam,N,N,,,,2015-07-12,,,
450,Rocket League,PS4,N,C,,,,2015-08-11,2015-08-11,2015-08-11,2015-08-11
451,Battleground Z,3DS,N,B,,,80/100 medals.,2015-08-30,2015-08-30,2015-11-14,
452,Ultimate Angler,3DS,N,B,,,7/8 islands.,2015-08-30,2015-08-30,2016-12-23,
453,Mighty Gunvolt,Steam,N,N,,,,2015-09-01,,,
454,Star Wars Battlefront,PS4,N,C,,,,2015-11-14,2015-11-14,2015-11-21,2015-12-13
455,Dragon Age: Inquisition,PS4,N,N,,,,2015-12-02,,,
456,Gauntlet: Slayer Edition,PS4,N,C,,,,2015-12-09,2015-12-09,2015-12-13,2015-12-23
457,Sportsfriends,PS4,N,C,,,,2015-12-19,2015-12-19,2015-12-19,2015-12-23
405,Spider-Man,PS4,N,N,,,"",2019-06-07,,,
402,Ni no Kuni II,PS4,N,N,,,"",2019-06-07,,,
399,I Am Setsuna,PS4,N,N,,,"",2019-06-07,,,
378,Stormrise,Steam,N,I,,,,2014-04-22,,,
458,DRIVECLUB BIKES,PS4,N,C,,,,2015-12-27,2015-12-27,2015-12-31,2016-01-01
459,ibb & obb,Steam,N,B,,,,2016-01-01,2016-01-01,2016-01-06,
460,Dark Souls II: Scholar of the First Sin,PS4,N,N,,,,2016-01-02,,,
461,Orcs Must Die! 2,Steam,N,B,,,,2016-01-07,2016-01-07,2016-01-17,
462,Need for Speed,PS4,N,C,,,,2016-02-05,2016-02-20,2016-02-21,2016-02-24
463,Project Cars,PS4,N,C,,,,2016-02-05,2016-02-05,2017-03-21,2018-01-11
464,Bravely Second,3DS,N,B,66,43,Beastiary and adventurer.,2016-04-28,2016-04-28,2016-06-12,
465,Mega Man Legacy Collection,PS4,N,N,,,,2016-06-14,,,
466,Need for Speed Rivals,PS4,N,C,,,,2016-06-14,2016-10-29,2016-10-29,2016-10-30
467,Rayman Legends,PS4,N,N,,,,2016-06-14,,,
468,Tales of Zestiria,PS4,N,I,,,,2016-06-14,2017-09-22,,
469,DLC Quest,Steam,N,B,,,,2016-06-29,2016-06-29,2016-07-03,
470,Mario Tennis,VC,N,C,92,13,,2016-07-20,2016-07-20,2016-07-20,2016-07-21
471,Mighty No. 9,Steam,N,N,,,,2016-09-19,,,
472,1001 Spikes,Steam,N,N,,,,2016-09-28,,,
473,6180 the moon,Steam,N,N,,,,2016-09-28,,,
474,Big Pharma,Steam,N,N,,,,2016-09-28,,,
475,CastleStorm,Steam,N,N,,,,2016-09-28,,,
476,Chaos Reborn,Steam,N,N,,,,2016-09-28,,,
477,Chariot,Steam,N,N,,,,2016-09-28,,,
478,Cloudbuilt,Steam,N,N,,,,2016-09-28,,,
479,Darksiders II: Deathinitive Edition,Steam,N,N,,,,2016-09-28,,,
480,DeadCore,Steam,N,N,,,,2016-09-28,,,
481,Downwell,Steam,N,N,,,,2016-09-28,,,
482,EDGE,Steam,N,N,,,,2016-09-28,,,
483,Electronic Super Joy,Steam,N,N,,,,2016-09-28,,,
484,Fairy Fencer F,Steam,N,N,,,,2016-09-28,,,
485,Frozen Cortex,Steam,N,N,,,,2016-09-28,,,
486,Frozen Synapse,Steam,N,N,,,,2016-09-28,,,
487,Full Bore,Steam,N,N,,,,2016-09-28,,,
488,Geometry Dash,Steam,N,N,,,,2016-09-28,,,
489,Gurumin: A Monstrous Adventure,Steam,N,N,,,,2016-09-28,,,
490,Half Minute Hero: Super Mega Neo Climax Ultimate Boy,Steam,N,N,,,,2016-09-28,,,
491,Half Minute Hero: The Second Coming,Steam,N,N,,,,2016-09-28,,,
492,Hell Yeah!,Steam,N,N,,,,2016-09-28,,,
493,Kairo,Steam,N,N,,,,2016-09-28,,,
494,Kingdom Rush,Steam,N,N,,,,2016-09-28,,,
495,Knights of Pen and Paper +1,Steam,N,N,,,,2016-09-28,,,
496,Lethal League,Steam,N,N,,,,2016-09-28,,,
497,Lux Delux,Steam,N,N,,,,2016-09-28,,,
498,Megabyte Punch,Steam,N,N,,,,2016-09-28,,,
499,Monaco,Steam,N,N,,,,2016-09-28,,,
500,Orcs Must Die!,Steam,N,N,,,,2016-09-28,,,
501,Out There Somewhere,Steam,N,N,,,,2016-09-28,,,
502,Polarity,Steam,N,N,,,,2016-09-28,,,
503,Qbeh-1: The Atlas Cube,Steam,N,N,,,,2016-09-28,,,
504,Reassembly,Steam,N,N,,,,2016-09-28,,,
505,RUSH,Steam,N,N,,,,2016-09-28,,,
506,Saints Row: The Third,Steam,N,N,,,,2016-09-28,,,
507,Sanctum 2,Steam,N,N,,,,2016-09-28,,,
508,Shattered Planet,Steam,N,N,,,,2016-09-28,,,
509,Sonic Adventure 2,Steam,N,N,,,,2016-09-28,,,
510,Sonic Adventure DX,Steam,N,C,,,,2016-09-28,2016-09-28,2016-10-14,2016-10-14
511,Star Wars: Knights of the Old Republic II,Steam,N,N,,,,2016-09-28,,,
512,Tabletop Simulator,Steam,N,I,,,,2016-09-28,,,
513,The Last Federation,Steam,N,N,,,,2016-09-28,,,
514,Thomas Was Alone,Steam,N,N,,,,2016-09-28,,,
515,Timberman,Steam,N,N,,,,2016-09-28,,,
516,Tiny Brains,Steam,N,N,,,,2016-09-28,,,
517,Toki Tori,Steam,N,N,,,,2016-09-28,,,
518,Toki Tori 2+,Steam,N,N,,,,2016-09-28,,,
519,TRI: Of Friendship and Madness,Steam,N,N,,,,2016-09-28,,,
520,Trine,Steam,N,N,,,,2016-09-28,,,
521,Worms Clan Wars,Steam,N,C,,,,2016-09-28,2017-11-30,2017-12-02,2017-12-02
522,Forza Horizon 3,PC,N,C,,,,2016-10-05,2016-10-05,2016-10-18,2017-02-26
523,Path of Exile,Steam,N,S,,,,2016-10-22,2016-10-22,,
524,Feed Mii,3DS,N,N,,,Second of two playthroughs.,2016-10-29,2016-10-29,,
525,Market Crashers,3DS,N,C,,,10B,2016-10-29,2016-10-29,2018-01-15,2018-04-29
526,Mii Trek,3DS,N,B,,,Second of two playthroughs.,2016-10-29,2016-10-29,2018-04-07,
527,Ninja Launcher,3DS,N,B,,,Wrapping up master run.,2016-10-29,2016-10-29,2018-02-09,
528,Slot Car Rivals,3DS,N,C,,,S99,2016-10-29,2016-10-29,2018-01-19,2018-04-13
529,Pokemon Blue,VCH,N,N,,,,2016-11-04,2018-06-03,2018-06-06,
530,Pokemon Red,VCH,N,B,19,16,,2016-11-04,2016-11-04,2016-11-13,
531,DiRT Rally,PS4,N,C,,,,2016-11-25,2016-11-25,2017-07-21,2017-07-21
532,PAC-MAN Championship Edition 2,PS4,N,S,,,,2016-11-25,2017-02-18,,
533,Pokemon Moon,3DS,N,B,134,59,1st streak: two EQ misses. 2nd streak: Aurora Veil science. 3rd streak: Bruxish.,2016-12-04,2016-12-04,2016-12-23,
534,Bit Blaster XL,Steam,N,N,,,,2016-12-31,,,
535,JumpJet Rex,Steam,N,N,,,,2016-12-31,,,
536,Kingdoms of Amalur: Reckoning,Steam,N,N,,,,2016-12-31,,,
537,Mark of the Ninja: Special Edition,Steam,N,N,,,,2016-12-31,,,
538,Tales of Symphonia,Steam,N,N,,,,2016-12-31,,,
539,Disgaea PC,Steam,N,N,,,,2017-02-02,,,
540,Fire Emblem: Heroes,Droid,N,C,,,,2017-02-06,2017-02-07,2017-02-09,2017-02-09
541,Final Fantasy XV,PS4,N,C,,,,2017-03-21,2017-03-21,2017-05-20,2017-06-10
542,Uncharted: The Nathan Drake Collection,PS4,N,N,,,,2017-04-15,,,
543,DiRT 4,PS4,N,C,,,,2017-06-10,2017-06-10,2017-06-24,2017-07-02
544,Burnstar,Steam,N,N,,,,2017-07-01,,,
545,Disgaea 5: Alliance of Vengeance,PS4,N,I,,,,2017-07-01,2017-08-29,,
546,Kingdom Hearts 358/2 Days,PS4,Y,N,,,,2017-07-01,,,
547,Kingdom Hearts Birth by Sleep FINAL MIX,PS4,N,B,,,,2017-07-01,2018-11-30,2018-12-14,
548,Kingdom Hearts FINAL MIX,PS4,Y,S,,,,2017-07-01,2018-12-17,,
549,Kingdom Hearts II FINAL MIX,PS4,Y,N,,,,2017-07-01,,,
550,Kingdom Hearts Re:Chain of Memories,PS4,Y,N,,,,2017-07-01,,,
551,Kingdom Hearts Re:coded,PS4,Y,N,,,,2017-07-01,,,
552,Ratchet & Clank,PS4,N,C,,,,2017-07-01,2017-08-29,2017-09-13,2017-09-16
553,Rivals of Aether,Steam,N,N,,,,2017-07-01,,,
554,Stardew Valley,Steam,N,N,,,,2017-07-01,,,
555,Trackmania Turbo,PS4,N,I,,,,2017-07-01,2017-08-22,,
556,Mario Kart 8 Deluxe,Switch,N,C,115,0,,2017-08-22,2017-08-22,2017-08-28,2018-01-24
557,Snipperclips,Switch,N,C,5,0,,2017-09-16,2017-09-16,2018-05-02,2018-05-10
5,RollerCoaster Tycoon,PC,N,B,,,,,,2013-07-10,
6,StarCraft,PC,N,C,,,,,,,2013-02-15
9,Ivan 'Ironman' Stewart's Super Off Road,NES,N,C,,,,,,,
10,Kirby's Adventure,NES,N,C,,,,,,,
139,Spy Hunter,PS2,N,C,,,,,,,
592,Gran Turismo Sport,PS4,N,B,23,0,Multiplayer trophies will be tough...,2018-06-13,2019-01-19,2019-05-14,
558,Super Mario Run,Droid,N,B,,,,2017-10-05,2017-10-05,2017-10-09,
559,Absolute Drift,Steam,N,C,,,,2017-10-09,2017-10-09,2017-10-10,2017-10-10
560,Animal Crossing,Switch,N,W,,,,,,,
561,Captain Toad: Treasure Tracker,Switch,N,W,,,,,,,
562,Chocobo's Mystery Dungeon: Every Buddy,Switch,N,W,,,,,,,
563,Final Fantasy Crystal Chronicles,Switch,N,W,,,,,,,
564,Fire Emblem: Three Houses,Switch,N,W,,,,,,,
565,Hyrule Warriors: Definitive Edition,Switch,N,W,,,,,,,
566,Katamari Damacy,Switch,N,W,,,,,,,
567,Killer Queen Black,Switch,N,W,,,,,,,
568,Kirby Star Allies,Switch,N,W,,,,,,,
569,Luigi's Mansion 3,Switch,N,W,,,,,,,
570,Monster Boy and the Cursed Kingdom,Switch,N,W,,,,,,,
571,New Super Mario Bros. U Deluxe,Switch,N,W,,,,,,,
572,Oninaki,Switch,N,W,,,,,,,
573,Super Mario Maker 2,Switch,N,W,,,,,,,
574,Super Meat Boy Forever,Switch,N,W,,,,,,,
575,The Legend of Zelda: Link's Awakening,Switch,N,W,,,,,,,
576,Town,Switch,N,W,,,,,,,
577,Fire Emblem Warriors,Switch,N,I,65,0,,2017-10-28,2017-10-28,2017-10-31,
578,The Legend of Zelda: Breath of the Wild,Switch,Y,B,30,0,,2017-10-28,2017-10-29,2018-11-12,
579,Titan Quest Anniversary Edition,Steam,N,I,,,,2017-11-15,2017-11-15,,
580,Project Cars 2,PS4,N,C,,,,2017-11-30,2017-11-30,2018-03-06,2018-04-19
581,Town of Salem,Steam,N,I,,,,2017-11-30,,,
582,Chroma Squad,Steam,N,N,,,,2017-12-31,,,
583,ShellShock Live,Steam,N,N,,,,2017-12-31,,,
584,Snakebird,Steam,N,N,,,,2017-12-31,,,
585,Throne of Lies,Steam,N,N,,,,2017-12-31,,,
586,Golf Story,Switch,N,C,15,0,,2018-03-11,2018-03-11,2018-03-30,2018-03-30
587,Rocket League,Switch,N,I,115,0,,2018-03-11,,,
588,SUPER BOMBERMAN R,Switch,N,B,5,0,,2018-03-11,2018-04-08,2018-04-08,
589,Burnout Paradise Remastered,PS4,N,C,,,,2018-04-28,2018-05-13,2018-05-19,2018-05-28
590,MapleStory 2,PC,N,I,,,,2018-05-10,,,
591,Wonder Boy: The Dragon's Trap,Switch,N,N,,0,,2018-05-20,,,
593,Splatoon 2,Switch,N,N,25,0,,2018-06-14,2018-06-14,,
594,Assault Android Cactus,Steam,N,N,,,,2018-06-21,2018-07-19,,
595,Enter the Gungeon,Steam,N,N,,,,2018-06-21,2018-07-19,,
596,Rayman Origins,Steam,N,N,,,,2018-06-21,2018-07-19,,
597,Undertale,Steam,N,N,,,,2018-06-21,2018-07-19,,
598,Mario Tennis Aces,Switch,N,C,30,0,,2018-06-23,2018-06-23,2018-06-23,2018-06-23
599,Beat Saber,Steam,N,I,,,,2018-07-19,2018-07-19,,
600,Horizon Zero Dawn: Complete Edition,PS4,N,N,,,,2018-08-25,,,
601,Steredenn,Steam,N,N,,,,2018-09-30,,,
602,Forza Horizon 4,XB1,N,C,,,Placements.,2018-10-02,2018-10-02,2018-10-13,2018-11-30
605,STEEP,PS4,N,N,,,,2018-11-03,,,
