id,gameTitle,subTitle,gameSystem,nowPlaying,gameStatus,gameHours,gameMinutes,addDate,startDate,beatDate,completeDate,gameNotes
1,Time Crisis 2,,ARC,N,Completed,,,,,,,"Played through the entire game (with quarters!) Back in the late 90s as an 8 year old, myself, a fellow 3rd grade friend, and two of our summer camp junior counselors played through this game all the way at the arcade, rotating 2-and-2 when we died...just for the quality of the experience back then, this game gets 5 stars."
2,Guild Wars 2,,PC,N,Infinite,,,,,,,
3,MapleStory,,PC,N,Infinite,4156,0,,,,,"My most played game. 2156 hours tracked via Xfire, estimated 2000 more before/after the Xfire days."
4,Need for Speed II,,PC,N,Completed,,,,,,7/10/2013,
5,RollerCoaster Tycoon,,PC,N,Beaten,,,,,7/10/2013,,
6,StarCraft,,PC,N,Completed,,,,,,2/15/2013,
7,Dr. Mario,,NES,N,Infinite,,,,,,,
8,Excitebike,,NES,N,Infinite,,,,,,,
9,Ivan 'Ironman' Stewart's Super Off Road,,NES,N,Completed,,,,,,,
10,Kirby's Adventure,,NES,N,Completed,,,,,,,
11,Marble Madness,,NES,N,Completed,,,,,,,
12,Super Mario Bros.,,NES,N,Completed,,,,,,,
13,Dr. Robotnik's Mean Bean Machine,,GEN,N,Beaten,,,,,,,
14,Sonic 3D Blast,,GEN,N,Completed,,,,,,6/28/2013,
15,Sonic Spinball,,GEN,N,Completed,,,,,,,
16,Sonic the Hedgehog,,GEN,N,Beaten,,,,,,,
17,Sonic the Hedgehog 2,,GEN,N,Completed,,,,,,,
18,1080 Snowboarding,,N64,N,Completed,,,,,,,
19,Beetle Adventure Racing!,,N64,N,Completed,,,,,,,
20,Diddy Kong Racing,,N64,N,Completed,,,,,,,
21,Madden '99,,N64,N,Beaten,,,,,,,
22,Mario Golf,,N64,N,Completed,,,,,,,
23,Mario Kart 64,,N64,N,Completed,,,,,,,
24,Mario Party,,N64,N,Completed,,,,,,,
25,Mario Tennis,,N64,N,Beaten,,,,,,,
26,Mischief Makers,,N64,N,Beaten,,,,,,,
27,Off Road Challenge,,N64,N,Completed,,,,,,,
28,Paper Mario,,N64,N,Beaten,,,,,,,
29,Pokemon Snap,,N64,N,Completed,,,,,,,
30,Pokemon Stadium,,N64,N,Beaten,,,,,,,
31,Star Fox 64,,N64,N,Completed,,,,,,,
32,Super Mario 64,,N64,N,Completed,,,,,,,
33,The Legend of Zelda: Ocarina of Time,,N64,N,Beaten,,,,,,,
34,Wave Race 64,,N64,N,Completed,,,,,,,
35,Yoshi's Story,,N64,N,Beaten,,,,,,,
36,Bugs Bunny in Double Trouble,,GG,N,Completed,,,,,,,
37,Ms. PAC-MAN,,GG,N,Infinite,,,,,,,
38,Sonic 2,,GG,N,Beaten,,,,,,,
39,Sonic Chaos,,GG,N,Beaten,,,,,,,
40,Sonic Labyrinth,,GG,N,Completed,,,,,,5/29/2014,
41,Sonic the Hedgehog: Triple Trouble,,GG,N,Beaten,,,,,,,
42,Super Columns,,GG,N,Infinite,,,,,,,
43,Need for Speed III: Hot Pursuit,,PC,N,Completed,,,3/25/1998,1/25/2019,1/26/2019,1/28/2019,
44,F-1 Race,,GBC,N,Completed,,,,,,5/27/2014,
45,Kirby Tilt 'n' Tumble!,,GBC,N,Completed,,,,,,,
46,Kirby's Dream Land,,GBC,N,Completed,,,,,,,
47,Kirby's Pinball Land,,GBC,N,Completed,,,,,,,
48,Marble Madness,,GBC,N,Completed,,,,,,,
49,Mario Golf,,GBC,N,Completed,,,,,,,
50,Pokemon Pinball,,GBC,N,Beaten,,,,,,,
51,Pokemon Red,,GBC,N,Beaten,,,,,,,
52,Pokemon Silver,,GBC,N,Completed,,,,,,,
53,Pokemon Trading Card Game,,GBC,N,Completed,,,,,,,
54,Pokemon Yellow,,GBC,N,Beaten,,,,,,,
55,Super Mario Land,,GBC,N,Completed,,,,,,,
56,Super Mario Land 2: Six Golden Coins,,GBC,N,Completed,,,,,,,
57,The Legend of Zelda: Link's Awakening,,GBC,N,Completed,,,,,,,
58,Crazy Taxi,,DC,N,Completed,,,,,,,
59,Gauntlet Legends,,DC,N,Completed,,,,,,,
60,Hydro Thunder,,DC,N,Completed,,,,,,,
61,Matt Hoffman's Pro BMX,,DC,N,Completed,,,,,,,
62,NFL 2K1,,DC,N,Beaten,,,,,,,
63,Power Stone,,DC,N,Completed,,,,,,,
64,Power Stone 2,,DC,N,Beaten,,,,,,,
65,Q*bert,,DC,N,Completed,,,,,,,
66,Sega Bass Fishing,,DC,N,Completed,,,,,,,
67,Sega GT,,DC,N,Beaten,,,,,,,
68,Sonic Adventure,,DC,N,Completed,,,,,,12/1/2012,
69,Virtua Tennis,,DC,N,Completed,,,,,,,
70,Advance Wars,,GBA,N,Completed,55,0,,,,,Playtime estimated...but it's a true 100%.
71,Advance Wars 2: Black Hole Rising,,GBA,N,Completed,45,0,,,,,Playtime estimated...but it's a true 100%.
72,Final Fantasy,,GBA,N,Completed,21,39,,,,,
73,Final Fantasy II,,GBA,N,Completed,6,13,,,,,
74,Final Fantasy IV,,GBA,N,Completed,35,7,,,,,
75,Final Fantasy Tactics Advance,,GBA,N,Completed,97,35,,,,,
76,Final Fantasy V,,GBA,N,Beaten,32,9,,,,,
77,F-Zero: Maximum Velocity,,GBA,N,Completed,,,,,,,
78,Golden Sun,,GBA,N,Completed,29,59,,,,,
79,Golden Sun: The Lost Age,,GBA,N,Mastered,54,0,,,,,Playtime estimated...but it's a true 100%.
80,Kirby & The Amazing Mirror,,GBA,N,Completed,,,,,,,
81,Kirby: Nightmare in Dream Land,,GBA,N,Completed,,,,,,,
82,Mario vs. Donkey Kong,,GBA,N,Completed,,,,,,,
83,Matt Hoffman's Pro BMX,,GBA,N,Completed,,,,,,,
84,Metal Slug Advance,,GBA,N,Beaten,,,,,,,
85,Pokemon Ruby,,GBA,N,Completed,300,0,,,,,Top 10 most regrettable trade-ins...playtime estimated.
86,Super Mario World: Super Mario Advance 2,,GBA,N,Completed,,,,,,,
87,The Legend of Zelda: A Link to the Past/Four Swords,,GBA,N,Completed,,,,,,,
88,"Wario Ware, Inc. Mega Microgame$!",,GBA,N,Completed,,,,,,,
89,Animal Crossing,,GCN,N,Infinite,,,,,,,
90,Baten Kaitos: Eternal Wings and the Lost Ocean,,GCN,N,Beaten,,,,,,,
91,Donkey Konga,,GCN,N,Beaten,,,,,,,
92,Final Fantasy Crystal Chronicles,,GCN,N,Completed,,,,,,,
93,Hello Kitty: Roller Rescue,,GCN,N,Completed,,,,,,,
94,Kirby Air Ride,,GCN,N,Completed,,,,,,,
95,Luigi's Mansion,,GCN,N,Completed,,,,,,,
96,Mario Golf Toadstool Tour (Target Special Edition),,GCN,N,Beaten,,,,,,,
97,Mario Kart: Double Dash!!,,GCN,N,Completed,,,,,,,
98,Metroid Prime,,GCN,N,Completed,14,20,,,,,
99,Metroid Prime 2: Echoes,,GCN,N,Beaten,14,34,,,,,
100,PAC-MAN World 2,,GCN,N,Beaten,10,42,,,,,
101,Paper Mario: The Thousand Year Door,,GCN,N,Beaten,22,44,,,,,
102,Pikmin,,GCN,N,Completed,,,,,,,
103,Shadow the Hedgehog,,GCN,N,Completed,,,,,,,
104,Sonic Adventure 2: Battle,,GCN,N,Beaten,24,55,,,,,
105,Super Mario Sunshine,,GCN,N,Completed,,,,,,,
106,Super Monkey Ball 2,,GCN,N,Completed,,,,,,,
107,Super Smash Bros. Melee,,GCN,N,Completed,286,14,,,,,
108,The Legend of Zelda: Four Swords Adventures,,GCN,N,Completed,,,,,,,
109,The Legend of Zelda: Twilight Princess,,GCN,N,Beaten,,,,,,,
110,The Legend of Zelda: Wind Waker,,GCN,N,Beaten,,,,,,,
111,Tony Hawk's Pro Skater 4,,GCN,N,Completed,,,,,,,
112,Wario Ware Inc: Mega Party Games!,,GCN,N,Beaten,,,,,,,
113,ATV Offroad Fury 3,,PS2,N,Completed,18,20,,,,,
114,Dance Dance Revolution Extreme (JP),,PS2,N,Completed,,,,,,,
115,Dance Dance Revolution Extreme 2,,PS2,N,Mastered,,,,,,,
116,Dance Dance Revolution SuperNOVA,,PS2,N,Completed,,,,,,,
117,Dance Dance Revolution SuperNOVA 2,,PS2,N,Completed,,,,,,,
118,Dance Dance Revolution X,,PS2,N,Completed,,,,,,,
119,DDRMAX: Dance Dance Revolution,,PS2,N,Mastered,,,,,,,
120,DDRMAX2: Dance Dance Revolution (JP),,PS2,N,Mastered,,,,,,,
121,Devil May Cry,,PS2,N,Beaten,6,11,,10/28/2013,10/31/2013,,
122,Devil May Cry 2,,PS2,N,Beaten,3,34,,10/31/2013,11/14/2013,,
123,DT Racer,,PS2,N,Completed,,,,,,,
124,Duel Masters,,PS2,N,Beaten,,,,,,,
125,Final Fantasy IX,,PS,N,Beaten,35,21,,,,,
126,Final Fantasy V,,PS,N,Beaten,,,,,,,
127,Final Fantasy VI,,PS,N,Beaten,28,3,,,,,
128,Final Fantasy VII,,PS,N,Beaten,30,20,,,,,
129,Final Fantasy VIII,,PS,N,Beaten,36,9,,,,,
130,Final Fantasy X,,PS2,N,Beaten,32,35,,,,,
131,Final Fantasy X-2,,PS2,N,Beaten,18,49,,,10/9/2013,,
132,Final Fantasy XII: Collector's Edition,,PS2,N,Beaten,62,43,,,,,
133,In The Groove,,PS2,N,Beaten,,,,,,,
134,Kingdom Hearts,,PS2,N,Beaten,26,58,,,5/23/2013,,
135,Kingdom Hearts II,,PS2,N,Beaten,30,37,,5/23/2013,7/25/2013,,
136,NCAA Football 06,,PS2,N,Beaten,,,,,,,
137,Sly 2: Band of Thieves,,PS2,N,Completed,11,18,,,,,
138,Sly Cooper and the Thievius Raccoonus,,PS2,N,Completed,,,,,,,
139,Spy Hunter,,PS2,N,Completed,,,,,,,
140,Star Wars Battlefront II,,PS2,N,Beaten,19,17,,,,,
141,Advance Wars: Days of Ruin,,NDS,N,Beaten,50,49,,,,,
142,Advance Wars: Dual Strike,,NDS,N,Beaten,140,58,,,,,
143,Animal Crossing: Wild World,,NDS,N,Infinite,,,,,,,
144,Big Brain Academy,,NDS,N,Completed,,,,,,,
145,Bomberman,,NDS,N,Completed,3,21,,,,,
146,Chrono Trigger,,NDS,N,Beaten,17,27,,1/8/2013,1/25/2013,,
147,Final Fantasy III,,NDS,N,Beaten,35,12,,,,,
148,Final Fantasy Tactics A2: Grimoire of the Rift,,NDS,N,Completed,108,59,,,9/3/2013,2/18/2016,
149,Golden Sun: Dark Dawn,,NDS,N,Beaten,27,40,,,,,
150,Kirby Squeak Squad,,NDS,N,Completed,,,,,,,
151,Kirby Super Star Ultra,,NDS,N,Completed,,,,,,,
152,Mario Kart DS,,NDS,N,Completed,,,,,,,
153,New Super Mario Bros.,,NDS,N,Completed,,,,,,,
154,Nintendogs: Lab & Friends,,NDS,N,Beaten,,,,,,,
155,Pokemon Diamond,,NDS,N,Beaten,400,0,,,,,Not sure where this is...
156,Pokemon Platinum,,NDS,N,Beaten,219,6,,,,,
157,Pokemon Soul Silver,,NDS,N,Beaten,35,27,,5/2/2013,5/13/2013,,
158,Polarium,,NDS,N,Completed,33,28,,,,,
159,Rayman DS,,NDS,N,Beaten,,,,,,,
160,Ridge Racer DS,,NDS,N,Completed,,,,,,,
161,Sonic Chronicles,,NDS,N,Beaten,7,42,,,,,
162,Sonic Rush,,NDS,N,Beaten,5,22,,,7/30/2013,,
163,Super Mario 64DS,,NDS,N,Completed,,,,,,,
164,Tetris DS,,NDS,N,Completed,,,,,,,22422 Tetris Points
165,The Legend of Zelda: Phantom Hourglass,,NDS,N,Completed,,,,,,,
166,The Legend of Zelda: Spirit Tracks,,NDS,N,Beaten,18,17,,,,,
167,Wario Ware: Touched!,,NDS,N,Completed,,,,,,,
168,Sonic and the Black Knight,,Wii,N,Beaten,2,36,,1/27/2013,1/29/2013,,
169,Sonic Colors,,Wii,N,Beaten,2,22,,,4/28/2013,,
170,Mario Kart 64,,VC,N,Completed,20,49,,,,,
171,Gradius,,VC,N,Beaten,1,9,12/25/2006,12/25/2006,12/25/2006,,
172,Gunstar Heroes,,VC,N,Beaten,8,31,12/25/2006,12/25/2006,12/25/2006,,
173,Super Mario Bros.,,VC,N,Completed,7,44,12/25/2006,12/25/2006,,,
174,Wii Sports,,Wii,N,Infinite,111,31,12/25/2006,12/25/2006,,,
175,WarioWare: Smooth Moves,,Wii,N,Completed,7,32,4/1/2007,4/1/2007,4/1/2007,7/1/2007,
176,Super Paper Mario,,Wii,N,Completed,29,57,4/9/2007,4/9/2007,4/30/2007,3/1/2008,
177,Boxed In,,iPod,N,Completed,,,,,,,
178,Trace,,iPod,N,Completed,,,,,,,
179,Pokemon Battle Revolution,,Wii,N,Beaten,13,8,7/1/2007,7/1/2007,7/1/2007,,
180,Super Mario Bros. 2 (The Lost Levels),,VC,N,Beaten,7,12,11/1/2007,11/1/2007,2/15/2013,,
181,Super Mario Bros. 3,,VC,N,Completed,10,4,11/1/2007,11/1/2007,4/7/2012,,
182,Super Mario Galaxy,,Wii,N,Completed,51,55,11/1/2007,11/1/2007,12/1/2007,7/16/2008,
183,Super Monkey Ball: Banana Blitz,,Wii,N,Completed,18,12,11/1/2007,11/1/2007,11/1/2007,5/1/2008,
184,Madden 08,,Wii,N,Beaten,30,0,12/25/2007,12/25/2007,12/25/2007,,
185,Wii Play,,Wii,N,Completed,3,35,12/25/2007,12/25/2007,12/25/2007,12/25/2007,
186,StarTropics,,VC,N,Infinite,7,35,1/1/2008,1/1/2008,,,
187,Super Smash Bros. Brawl,,Wii,N,Beaten,289,11,3/9/2008,3/9/2008,3/9/2008,,
188,Guitar Hero III: Legends of Rock,,Wii,N,Beaten,22,36,3/10/2008,3/10/2008,3/10/2008,,
189,Mario Kart Wii,,Wii,N,Completed,80,38,5/29/2008,5/29/2008,5/29/2008,6/8/2008,
190,Beat Hazard,,Steam,N,Beaten,,,,,,,
191,BIT.TRIP BEAT,,Steam,N,Beaten,,,,,6/7/2013,,
192,Blur,,Steam,N,Beaten,,,,,,,
193,Bomb Sworders,,Steam,N,Wish List,,,,,,,
194,Bullet Candy,,Steam,N,Beaten,,,,,,,
195,Chime,,Steam,N,Beaten,,,,,,,
196,Cogs,,Steam,N,Beaten,,,,11/23/2012,11/23/2012,,
197,Core Pack,,Steam,N,Beaten,,,,,11/24/2013,,
198,Counter-Strike: Source,,Steam,N,Infinite,,,,,,,
199,Counter-Strike: Source Beta,,Steam,N,Infinite,,,,,,,
200,Darwinia,,Steam,N,Infinite,,,,,,,
201,Day of Defeat: Source,,Steam,N,Beaten,,,,,,,
202,DEFCON,,Steam,N,Beaten,,,,,11/23/2012,,
203,DiRT 3 Complete Edition,,Steam,N,Beaten,,,,,,,
204,Droplitz,,Steam,N,Beaten,,,,,,,
205,Due Process,,Steam,N,Wish List,,,,,,,
206,Dunk Lords,,Steam,N,Wish List,,,,,,,
207,Earth Defense Table,,Steam,N,Beaten,,,,,11/24/2013,,
208,Eufloria,,Steam,N,Beaten,,,,,2/28/2013,,
209,Eufloria HD,,Steam,N,Beaten,,,,,7/12/2015,,
210,Galcon Fusion,,Steam,N,Beaten,,,,,,,
211,Geometry Wars: Retro Evolved,,Steam,N,Completed,,,,,,11/24/2012,
212,Grand Theft Auto,,Steam,N,Infinite,,,,,,,
213,Grand Theft Auto III,,Steam,N,Beaten,,,,7/17/2013,7/19/2013,,
214,Grand Theft Auto: San Andreas,,Steam,N,Beaten,,,,,,,
215,Grand Theft Auto: Vice City,,Steam,N,Beaten,,,,9/22/2013,8/15/2014,,
216,Half-Life 2,,Steam,N,Beaten,,,,,,,
217,Half-Life 2: Deathmatch,,Steam,N,Infinite,,,,,,,
218,Half-Life 2: Episode One,,Steam,N,Beaten,,,,,2/22/2013,,
219,Half-Life 2: Episode Two,,Steam,N,Beaten,,,,2/22/2013,2/24/2013,,
220,Lumines,,Steam,N,Beaten,,,,,11/23/2012,,
221,Paranormal Table,,Steam,N,Beaten,,,,,11/24/2013,,
222,Plain Sight,,Steam,N,Beaten,,,,,,,
223,Portal,,Steam,N,Beaten,,,,,,,
224,Portal 2,,Steam,N,Beaten,,,,,7/10/2013,,
225,Puzzle Agent,,Steam,N,Completed,,,,3/8/2013,3/10/2013,3/10/2013,
226,Puzzle Dimension,,Steam,N,Beaten,,,,,3/19/2013,,
227,QuantZ,,Steam,N,Beaten,,,,,,,
228,Rhythm Zone,,Steam,N,Beaten,,,,,,,
229,Sid Meier's Civilization 5,,Steam,N,Beaten,,,,,,,
230,Sorcerer's Lair,,Steam,N,Beaten,,,,,11/24/2013,,
231,Super Laser Racer,,Steam,N,Beaten,,,,,,,
232,Team Fortress 2,,Steam,N,Beaten,,,,,,,
233,Torchlight,,Steam,N,Completed,,,,,3/8/2013,1/7/2018,
234,Turba,,Steam,N,Beaten,,,,,,,
235,VVVVVV,,Steam,N,Beaten,,,,,,,
236,Zen Classics Pack,,Steam,N,Beaten,,,,,11/24/2013,,
237,Wii Sports Resort,,Wii,N,Infinite,44,26,10/22/2009,10/22/2009,10/22/2009,10/22/2009,
238,Mario Golf,,VC,N,Completed,60,8,12/25/2009,12/25/2009,12/25/2009,12/31/2016,
239,Mega Man 9,,VC,N,Beaten,28,43,12/25/2009,12/25/2009,3/15/2013,,
240,Call of Duty: Black Ops,,360,N,Beaten,183,21,,,,,"Beat on Regular difficulty. I thought the campaign was really fantastic. This was the first FPS I ever really played thoroughly, getting to 4th prestige (for whatever reason XD), but I had a good time with this game."
241,Call of Duty: Black Ops II,,360,N,Beaten,204,2,,,,,"Master Prestige, Rank 6 Silver. I love CoD."
242,Call of Duty: Modern Warfare 2,,360,N,Beaten,11,14,,,,,Woohoo! Black Ops and MW3 are still my games of choice.
243,Call of Duty: Modern Warfare 3,,360,N,Beaten,151,13,,,,,"6th prestige, level 41. Really cool campaign. Can''t wait to finish the first two games now so I know what just happened. XD"
244,Devil May Cry 4,,360,N,Infinite,,,,,,,"Let my cousin play it and now I can''t find it!? T_T Might need to rebuy. Just from what I gathered watching my cousin play, the game is fantastic."
245,DiRT,,360,N,Completed,16,38,,,,,ONE THOUSAND MILES.Actually turned out to be pretty fantastic once it grew on me. Screw Rally Raid. XD 
246,DiRT 2,,360,N,Completed,20,0,,,,,"Missions with Brando. XD After playing, 3, Showdown, and 1 in that order, 2 might actually be my favorite of them all. Even though I love all 4 in the series."
247,DiRT 3,,360,N,Completed,67,13,,,,,"Rep 30, Fanbase 40. The best racing game I''ve played in a long, long time."
248,DiRT Showdown,,360,N,Completed,40,5,,,,,"Racenet Team Championship. DiRT 3 definitely wins for realistic car control, but the fireworks and amazing gameplay make me fall in love with this spinoff. Another awesome racing game."
249,Final Fantasy XIII,,360,N,Completed,109,28,,,,7/15/2013,"Treasure Hunter was merciless. I can''t even begin to describe how much I love this game. Everyone hated on the open world, but I thought the story should have more than made up for it, and I actually kinda liked the linearity."
250,Final Fantasy XIII-2: Collector's Edition,,360,N,Completed,62,26,,,,,1000 GS and 160 fragments in 62:26:16! :D
251,Forza Horizon,,360,N,Completed,28,50,,12/3/2012,12/5/2012,12/7/2012,"Yellow 25 in multiplayer. Horrible collision, excellent and fun game, DLC costs way too much and I''m not paying for it."
252,Marvel vs. Capcom 3: Fate of Two Worlds,,360,N,Beaten,31,14,,,,,"Beat Arcade mode on Easy :P Worst game ever. Trololololololol XD such a rage game. Blast with friends, it''s really that simple. This game can and will make you hate things though."
253,Street Fighter IV,,360,N,Beaten,,,,,,,Beat arcade mode or something. Bleh. Not really a Street Fighter kind of player. It's an okay game. More fun to watch high-level players.
254,Tekken 6,,360,N,Beaten,0,31,,,,,"Beat something. Bleh, I''m not much of a Tekken player. But I love Eddy!"
255,Ultimate Marvel vs. Capcom 3,,360,N,Beaten,5,12,,,,,I don't play this game. XD RAGE.
256,Virtua Tennis 3,,360,N,Beaten,13,9,,,,,"#1 Rank! :D Still need the other half of the achievements. I actually prefer the gameplay of the original Virtua Tennis for Dreamcast, but the career mode in this game is quite well done."
257,Wii Fit Plus,,Wii,N,Infinite,32,52,1/1/2010,1/1/2010,1/1/2010,1/1/2010,
258,Crazy Taxi,,XBLA,N,Completed,,,,,,,
259,Daytona USA,,XBLA,N,Completed,,,,,,,
260,Happy Wars,,XBLA,N,Beaten,,,,,,,
261,Ms. PAC-MAN,,XBLA,N,Completed,,,,,,,
262,PAC-MAN Championship Edition DX+,,XBLA,N,Completed,,,,,,,
263,Sonic Adventure DX: Director's Cut,,XBLA,N,Completed,30,56,,,,,
264,PokÃ©mon GO,,Droid,N,Infinite,,,,,,,
265,Super Mario Galaxy 2,,Wii,N,Completed,37,30,5/26/2010,5/26/2010,6/5/2010,5/26/2013,
266,New Super Mario Bros. Wii,,Wii,N,Beaten,2,28,6/28/2010,6/28/2010,6/28/2010,,
267,StarCraft II: Heart of the Swarm,,BNet,N,Beaten,,,,,,,Waiting for the Void.
268,StarCraft II: Legacy of the Void,,BNet,N,Not Started,,,,,,,Haven't started.
269,StarCraft II: Wings of Liberty,,BNet,N,Beaten,,,,,,,ggwp. Definitely back into StarCraft. ^_^
270,Metroid Prime 3: Corruption,,Wii,N,Beaten,24,5,12/25/2010,12/25/2010,4/12/2013,,
271,Balloon Fight,,VCH,N,Infinite,,,,,,,
272,Donkey Kong Jr.,,VCH,N,Infinite,,,,,,,
448,Battleground Z,,3DS,Y,Beaten,,,8/30/2015,8/30/2015,11/14/2015,,"24/26 rare zombies, 21/22 tickets."
361,Bravely Default,,3DS,N,Completed,82,15,12/17/2013,2/12/2014,3/29/2014,9/7/2014,Everything.
275,Fire Emblem: The Sacred Stones,,VCH,N,Beaten,24,10,,,,,
276,F-Zero: Maximum Velocity,,VCH,N,Beaten,,,,,,,
277,Ice Climber,,VCH,N,Infinite,,,,,,,
278,Kirby & The Amazing Mirror,,VCH,N,Completed,6,20,,,,,
461,Bravely Second,,3DS,N,Beaten,66,43,4/28/2016,4/28/2016,6/12/2016,,Beastiary and adventurer.
521,Feed Mii,,3DS,Y,Started,,,10/29/2016,10/29/2016,,,"Second of two playthroughs, 4 more recipes."
281,Mario Golf,,VCH,N,Completed,5,46,,,,,
282,Mario Kart: Super Circuit,,VCH,N,Beaten,1,47,,,11/25/2012,,
283,Mario vs. Donkey Kong,,VCH,N,Beaten,4,20,,,,,
284,Mega Man,,VCH,N,Completed,2,23,,,,,
285,Metroid,,VCH,N,Beaten,5,8,,3/12/2013,3/15/2013,,
286,Metroid Fusion,,VCH,N,Beaten,10,47,,1/29/2013,2/6/2013,,
273,Find Mii,,3DS,N,Completed,,,,,,7/10/2013,Got all the helmets!
274,Find Mii 2,,3DS,N,Completed,,,,,7/10/2013,11/8/2013,"All hats! :D StreetPass games, yay! This''ll always be a classic."
289,NES Open Tournament Golf,,VCH,N,Beaten,,,,,,,
357,Fire Emblem: Awakening,,3DS,N,Beaten,33,34,11/29/2013,,6/17/2014,,Finished the game on Classic Hard.
350,Flower Town,,3DS,N,Completed,,,11/1/2013,,11/13/2013,1/15/2014,Missing about 100 colors. All plants. My 2nd favorite streetpass game. Fun!
292,Super Mario Bros.,,VCH,N,Completed,,,,,,2/6/2013,
293,The Legend of Zelda,,VCH,N,Beaten,7,11,,,,,
279,Mario & Luigi: Bowser's Inside Story,,3DS,N,Wish List,,,,,,,
295,The Legend of Zelda: The Minish Cap,,VCH,N,Beaten,13,18,,,,,
280,Mario and Donkey Kong: Minis on the Move,,3DS,N,Beaten,,,,,,,30 stars.
297,Wario Land 4,,VCH,N,Beaten,8,28,,12/7/2012,,,
298,"Wario Ware, Inc. Mega Microgame$!",,VCH,N,Beaten,,,,,,,
362,Mario Party: Island Tour,,3DS,N,Beaten,7,54,12/25/2013,12/25/2013,12/28/2013,,Traded in.
300,Wrecking Crew,,VCH,N,Infinite,,,,,,,
301,Yoshi,,VCH,N,Infinite,,,,,,,
302,Yoshi's Island: Super Mario Advance 3,,VCH,N,Beaten,7,47,,,12/21/2012,,
303,Zelda II: The Adventure of Link,,VCH,N,Beaten,7,54,,,,,
304,Asura's Wrath,,PS3,N,Beaten,,,,,,,
305,Twisted Metal,,PS3,N,Beaten,,,,,,,
306,Hexic HD,,XBLA,N,Beaten,,,11/28/2012,,,,
307,Assassin's Creed III,,360,N,Beaten,11,18,12/11/2012,12/26/2012,2/14/2013,,"I''ve never played a game like this before, and it was very, very sweet."
308,Donkey Kong Country,,SNES,N,Beaten,,,12/20/2012,,,,
309,Kirby's Avalanche,,SNES,N,Beaten,,,12/20/2012,,,,
310,Super Mario Advance: Super Mario Bros. 2,,GBA,N,Completed,,,12/20/2012,,,,
311,Super Mario Bros. 2,,NES,N,Completed,,,12/20/2012,,,,
312,Super Mario Bros. 3,,NES,N,Completed,,,12/20/2012,,,,
313,Super Mario World 2: Yoshi's Island,,SNES,N,Completed,,,12/20/2012,,,,
522,Market Crashers,,3DS,N,Mastered,,,10/29/2016,10/29/2016,1/15/2018,4/29/2018,All collectibles on 3/6/20.
315,Forza Motorsport 3,,360,N,Beaten,,,12/26/2012,,1/16/2013,,Won R1 championship. Very solid racing game. Nearly perfect...just needs more track variety. Got very stale after season 3.
316,Half-Life 2: Lost Coast,,Steam,N,Completed,,,1/29/2013,,,2/24/2013,
317,Taptiles,,WinStr,N,Beaten,,,2/5/2013,2/5/2013,2/5/2013,,
318,Zombies.,,PC,N,Infinite,,,2/8/2013,,,,
319,Superstar V8 Next Challenge,,PC,N,Infinite,,,2/14/2013,,,,
320,Mega Man 10,,XBLA,N,Beaten,,,2/17/2013,,2/17/2013,,
321,GRID,,360,N,Completed,,,3/2/2013,3/3/2013,3/10/2013,,"Legend is the final goal...Glitched achievement, GG. Completely different racing style from DiRT and Forza, but enjoyable. Not a fan of majorly glitched games, however."
322,Tetris Battle,,PC,N,Infinite,,,3/23/2013,,,,
323,DiRT 2,,Steam,N,Beaten,,,3/29/2013,,4/7/2013,,
324,Gears of War,,360,N,Beaten,,,4/1/2013,7/10/2013,7/16/2013,,"Finished the game on Casual. Man...Casual was plenty tough enough for me. XD Great game, makes me want to play the sequels..."
325,GRID 2,,360,N,Completed,28,30,4/1/2013,5/28/2013,6/5/2013,6/7/2013,Level 23 multiplayer. Other than Virgin Media Endurance on Very Hard (aka impossible) this was a very enjoyable game. Time to wait for DiRT 4!
326,Tony Hawk's Pro Skater HD,,XBLA,N,Beaten,,,4/18/2013,,4/19/2013,,
327,Trials Evolution,,XBLA,N,Completed,19,58,4/19/2013,,4/21/2013,4/24/2014,
328,Torchlight II,,Steam,N,Infinite,,,6/7/2013,6/9/2013,10/4/2013,,
329,Borderlands 2,,360,N,Completed,183,45,7/7/2013,7/12/2013,12/7/2013,1/29/2014,Level 56 Gunzerker.
330,TrackMania Nations Forever,,PC,N,Infinite,,,7/8/2013,,,,
331,Audiosurf,,PC,N,Infinite,,,7/10/2013,,,,
332,Combat Arms,,PC,N,Infinite,,,7/10/2013,,,,
333,Grand Chase,,PC,N,Beaten,,,7/10/2013,,,,
334,Gunbound Revolution,,PC,N,Infinite,,,7/10/2013,,,,
335,Kart Rider,,PC,N,Infinite,,,7/10/2013,,,,
336,Stepmania,,PC,N,Infinite,,,7/10/2013,,,,
337,Virtual Pool 2,,PC,N,Infinite,,,7/10/2013,,,,
338,Assassin's Creed II,,360,N,Beaten,10,37,7/16/2013,8/15/2013,11/4/2013,,"AC3 is better, but this was a fantastic game as well. ^_^"
339,Sonic Generations,,360,N,Beaten,5,30,7/26/2013,8/1/2013,8/2/2013,,"Fun stuff! Gonna work on completion soon. Typical Sonic game. Pretty easy to learn, hard to master. This one''s a bit generous in terms of difficulty, but extremely fun and something I look forward to playing again."
340,Crackdown,,360,N,Beaten,,,8/2/2013,,8/31/2013,,"Thanks for the help Alex! Pretty fun game, if not a bit frustrating at times."
341,Super Meat Boy,,Steam,N,Completed,,,8/4/2013,,8/5/2013,4/27/2014,
342,DOTA 2,,Steam,N,Infinite,,,8/14/2013,,,,
343,Burnout Paradise: The Ultimate Box,,Steam,N,Beaten,,,8/15/2013,8/17/2013,9/8/2013,,
344,Medal of Honor,,Steam,N,Beaten,,,8/15/2013,9/22/2013,9/24/2013,,
345,Mirror's Edge,,Steam,N,Beaten,,,8/15/2013,9/24/2013,10/5/2013,,
346,Pokemon White,,NDS,N,Beaten,45,11,8/23/2013,9/3/2013,9/18/2013,,
347,PAC-MAN Championship Edition DX+,,Steam,N,Completed,,,9/20/2013,,9/25/2013,9/27/2013,
348,Dance Dance Revolution Extreme,,PS2,N,Completed,,,9/23/2013,,9/27/2013,10/1/2013,
287,Mii Force,,3DS,N,Completed,,,,11/1/2013,11/6/2013,1/27/2014,Hard Arcade mode. Shmup with streetpasses. PERFECT.
523,Mii Trek,,3DS,Y,Beaten,,,10/29/2016,10/29/2016,4/7/2018,,69% / 54% / 60%
288,Monster Manor,,3DS,N,Completed,,,,11/1/2013,12/5/2013,3/17/2014,Thanks BB!
352,Epic Quest Table,,Steam,N,Beaten,,,11/24/2013,,11/24/2013,,
353,Marvel Pinball: Avengers Chronicles Pack,,Steam,N,Beaten,,,11/24/2013,,11/24/2013,,
354,Marvel Pinball: Original Pack,,Steam,N,Beaten,,,11/24/2013,,11/24/2013,,
355,Star Wars Pack,,Steam,N,Beaten,,,11/24/2013,,11/24/2013,,
356,Dark Souls: Prepare to Die Edition,,Steam,N,Beaten,,,11/28/2013,11/28/2013,12/8/2013,,
524,Ninja Launcher,,3DS,Y,Beaten,,,10/29/2016,10/29/2016,2/9/2018,,"Wrapping up master run, 5/12 gold medals."
358,Dust: An Elysian Tail,,Steam,N,Beaten,,,12/2/2013,4/12/2014,4/15/2014,,
359,Hearthstone: Heroes of Warcraft,,BNet,N,Infinite,,,12/3/2013,,,,
360,Borderlands: Game of the Year Edition,,Steam,N,Completed,,,12/7/2013,12/26/2013,1/31/2014,11/5/2017,
314,Paper Mario: Sticker Star,,3DS,N,Completed,29,4,12/25/2012,12/25/2012,1/1/2013,1/3/2013,8/8 super flags in 29:04! Absolute joy to play. Paper Mario strikes again!
530,Pokemon Moon,,3DS,N,Beaten,134,59,12/4/2016,12/4/2016,12/23/2016,,1st streak: two EQ misses. 2nd streak: Aurora Veil science. 3rd streak: Bruxish.
363,Valdis Story: Abyssal City,,Steam,N,Beaten,,,1/1/2014,3/12/2014,4/11/2014,,
364,TrackManiaÂ² Stadium,,Steam,N,Beaten,,,1/2/2014,1/30/2014,1/30/2014,,
365,DiRT 3,,Steam,N,Beaten,,,1/31/2014,,3/8/2014,,
366,DiRT Showdown,,Steam,N,Completed,,,1/31/2014,3/12/2014,3/12/2014,12/3/2017,
367,Lightning Returns: Final Fantasy XIII,,360,N,Beaten,22,38,1/31/2014,2/13/2014,2/18/2014,,It took 22 hours to end the world. XD
368,DDRMAX2: Dance Dance Revolution,,PS2,N,Completed,,,2/5/2014,,2/5/2014,3/7/2014,
369,RESOGUN,,PS4,N,Completed,,,2/16/2014,,2/16/2014,6/1/2014,
370,Trials Fusion,,PS4,N,Beaten,,,4/18/2014,,4/18/2014,,
371,Grand Theft Auto 2,,Steam,N,Infinite,,,4/22/2014,,,,
372,Wreckfest,,Steam,N,Completed,,,4/22/2014,11/13/2014,11/9/2019,11/10/2019,
373,Operation Flashpoint: Dragon Rising,,Steam,N,Infinite,,,4/22/2014,,,,
374,Operation Flashpoint: Red River,,Steam,N,Infinite,,,4/22/2014,,,,
375,Overlord,,Steam,N,Infinite,,,4/22/2014,,,,
376,Overlord II,,Steam,N,Infinite,,,4/22/2014,,,,
377,Stonehearth,,Steam,N,Infinite,,,4/22/2014,,,,
378,Stormrise,,Steam,N,Infinite,,,4/22/2014,,,,
379,Heroes of the Storm,,BNet,N,Infinite,,,5/12/2014,,,,
380,Plants vs. Zombies: Game of the Year Edition,,Origin,N,Beaten,,,5/12/2014,6/4/2014,6/13/2014,,
381,Diablo II,,PC,N,Beaten,,,5/19/2014,6/5/2014,6/10/2014,,
382,Bastion,,Steam,N,Beaten,,,5/28/2014,7/27/2014,7/29/2014,,
383,Diablo III,,BNet,N,Completed,,,6/2/2014,6/21/2014,7/9/2014,7/12/2014,
384,Trials Frontier,,Droid,N,Completed,,,6/20/2014,,8/7/2014,8/7/2014,
385,Peggle Deluxe,,Steam,N,Beaten,,,6/22/2014,6/25/2014,6/25/2014,,
386,Peggle Nights,,Steam,N,Beaten,,,6/22/2014,6/25/2014,7/4/2014,,
387,Pokemon Trading Card Game Online,,PC,N,Infinite,,,6/25/2014,,,,
388,Rise of the Argonauts,,Steam,N,Infinite,,,7/3/2014,,,,
389,Chrono Cross,,PS,N,Started,,,8/20/2014,,,,
390,Devil May Cry 3,,PS2,N,Started,6,26,8/20/2014,,,,
391,Final Fantasy Tactics,,PS,N,Beaten,24,54,8/20/2014,,10/30/2015,,
392,Star Wars: Knights of the Old Republic,,Steam,N,Started,,,8/20/2014,,,,
393,The Elder Scrolls V: Skyrim,,Steam,N,Beaten,,,8/20/2014,9/1/2018,9/28/2018,,
394,FEZ,,PS4,N,Beaten,,,8/21/2014,,8/26/2014,,
395,Bloodborne,,PS4,N,Started,,,,11/14/2015,,,
396,Code Vein,,PS4,N,Wish List,,,,,,,
397,Final Fantasy VII,,PS4,N,Wish List,,,,,,,
398,I Am Setsuna,,PS4,N,Not Started,,,6/7/2019,,,,
399,Kingdom Hearts III,,XB1,Y,Beaten,,,11/24/2019,43958,43961,,
400,Naruto to Boruto: Shinobi Striker,,PS4,N,Wish List,,,,,,,
401,Ni no Kuni II,,PS4,N,Not Started,,,6/7/2019,,,,
402,Overwatch,,PS4,N,Infinite,,,,,,,
403,Shenmue III,,PS4,N,Wish List,,,,,,,
404,Spider-Man,,PS4,N,Not Started,,,6/7/2019,,,,
405,Star Ocean: Integrity and Faithlessness,,PS4,N,Wish List,,,,,,,
406,Destiny,,PS4,N,Beaten,,,9/11/2014,,9/16/2014,,
407,Crypt of the NecroDancer,,Steam,N,Started,,,9/27/2014,3/18/2015,,,
290,Pokemon Omega Ruby,,3DS,N,Beaten,26,57,,12/2/2014,4/4/2015,,Battle Resort! Champion in 17:00!
409,DRIVECLUB,,PS4,N,Completed,,,10/7/2014,10/11/2014,10/12/2014,12/4/2014,
410,Gauntlet,,Steam,N,Not Started,,,11/13/2014,,,,
411,Injustice: Gods Among Us Ultimate Edition,,Steam,N,Not Started,,,11/13/2014,,,,
412,Final Fantasy XIV: A Realm Reborn,,Steam,N,Infinite,,,11/16/2014,,,,
413,Grid Autosport,,Steam,N,Beaten,,,11/29/2014,12/2/2014,2/12/2017,,
414,Peggle 2,,PS4,N,Completed,,,12/27/2014,12/27/2014,12/31/2014,1/2/2016,
415,Lara Croft and the Temple of Osiris,,PS4,N,Beaten,,,12/31/2014,,7/28/2015,,
349,Pokemon Y,,3DS,N,Beaten,158,36,10/1/2013,10/12/2013,10/14/2013,,"Inspired by the World Championships...28/50 in a row is my best so far. Kalos Champion in 31:21! Honestly, I never thought I''d play a game like Silver again. That perfect, polished feeling. The level curve could have been more challenging, but in the end, the multiplayer additions more than make up for it."
417,Borderlands 2,,PS4,N,Completed,,,3/31/2015,3/31/2015,10/27/2015,11/14/2015,
418,Borderlands: The Pre-Sequel,,PS4,N,Completed,,,3/31/2015,,10/18/2015,1/31/2016,
419,Final Fantasy Type-0 HD,,PS4,N,Completed,,,3/31/2015,6/4/2015,12/29/2015,12/29/2015,
420,Jet Set Radio,,Steam,N,Beaten,,,4/11/2015,4/11/2015,10/16/2015,,
421,Valkyria Chronicles,,Steam,N,Not Started,,,5/25/2015,,,,
422,Tales from the Borderlands,,Steam,N,Completed,,,6/11/2015,10/18/2015,10/18/2015,10/24/2015,
423,A Story About My Uncle,,Steam,N,Not Started,,,7/12/2015,,,,
424,Antichamber,,Steam,N,Completed,,,7/12/2015,7/12/2015,7/12/2015,7/12/2015,
425,Brothers - A Tale of Two Sons,,Steam,N,Not Started,,,7/12/2015,,,,
426,Darksiders,,Steam,N,Not Started,,,7/12/2015,,,,
427,Darksiders II,,Steam,N,Not Started,,,7/12/2015,,,,
428,Dragon Age: Origins - Ultimate Edition,,Steam,N,Not Started,,,7/12/2015,,,,
429,Epic Battle Fantasy 4,,Steam,N,Started,,,7/12/2015,10/16/2015,,,
430,FEZ,,Steam,N,Not Started,,,7/12/2015,,,,
431,Freedom Planet,,Steam,N,Started,,,7/12/2015,10/16/2015,,,
432,Hero Siege,,Steam,N,Not Started,,,7/12/2015,,,,
433,Ikaruga,,Steam,N,Not Started,,,7/12/2015,,,,
434,Magicite,,Steam,N,Not Started,,,7/12/2015,,,,
435,Need for Speed: Hot Pursuit,,Steam,N,Beaten,,,7/12/2015,10/31/2015,10/31/2015,,
436,One Finger Death Punch,,Steam,N,Not Started,,,7/12/2015,,,,
437,Risk of Rain,,Steam,N,Not Started,,,7/12/2015,,,,
438,Robot Roller-Derby Disco Dodgeball,,Steam,N,Not Started,,,7/12/2015,,,,
439,RollerCoaster Tycoon 3: Platinum!,,Steam,N,Not Started,,,7/12/2015,,,,
440,Screencheat,,Steam,N,Not Started,,,7/12/2015,,,,
441,Shadowrun Returns,,Steam,N,Not Started,,,7/12/2015,,,,
442,Shadowrun: Dragonfall - Director's Cut,,Steam,N,Not Started,,,7/12/2015,,,,
443,The Legend of Korra,,Steam,N,Beaten,,,7/12/2015,7/26/2015,7/26/2015,,
444,Transistor,,Steam,N,Not Started,,,7/12/2015,,,,
445,Trine 2,,Steam,N,Not Started,,,7/12/2015,,,,
446,Ys Origin,,Steam,N,Not Started,,,7/12/2015,,,,
447,Rocket League,,PS4,N,Completed,,,8/11/2015,8/11/2015,8/11/2015,8/11/2015,
291,Puzzle Swap,,3DS,N,Completed,188,,,,7/10/2013,11/13/2013,929/929.
525,Slot Car Rivals,,3DS,N,Completed,,,10/29/2016,10/29/2016,1/19/2018,4/13/2018,S99
450,Mighty Gunvolt,,Steam,N,Not Started,,,9/1/2015,,,,
451,Star Wars Battlefront,,PS4,N,Completed,,,11/14/2015,11/14/2015,11/21/2015,12/13/2015,
452,Dragon Age: Inquisition,,PS4,N,Not Started,,,12/2/2015,,,,
453,Gauntlet: Slayer Edition,,PS4,N,Completed,,,12/9/2015,12/9/2015,12/13/2015,12/23/2015,
454,Sportsfriends,,PS4,N,Completed,,,12/19/2015,12/19/2015,12/19/2015,12/23/2015,
455,DRIVECLUB BIKES,,PS4,N,Completed,,,12/27/2015,12/27/2015,12/31/2015,1/1/2016,
456,ibb & obb,,Steam,N,Beaten,,,1/1/2016,1/1/2016,1/6/2016,,
457,Dark Souls II: Scholar of the First Sin,,PS4,N,Not Started,,,1/2/2016,,,,
458,Orcs Must Die! 2,,Steam,N,Beaten,,,1/7/2016,1/7/2016,1/17/2016,,
459,Need for Speed,,PS4,N,Completed,,,2/5/2016,2/20/2016,2/21/2016,2/24/2016,
460,Project Cars,,PS4,N,Completed,,,2/5/2016,2/5/2016,3/21/2017,1/11/2018,
408,Super Smash Bros. for Nintendo 3DS,,3DS,N,Beaten,9,32,10/2/2014,,10/7/2014,,Almost done with Challenges page 2.
462,Mega Man Legacy Collection,,PS4,N,Not Started,,,6/14/2016,,,,
463,Need for Speed Rivals,,PS4,N,Completed,,,6/14/2016,10/29/2016,10/29/2016,10/30/2016,
464,Rayman Legends,,PS4,N,Not Started,,,6/14/2016,,,,
465,Tales of Zestiria,,PS4,N,Infinite,,,6/14/2016,9/22/2017,,,
466,DLC Quest,,Steam,N,Beaten,,,6/29/2016,6/29/2016,7/3/2016,,
467,Mario Tennis,,VC,N,Completed,92,13,7/20/2016,7/20/2016,7/20/2016,7/21/2016,
468,Mighty No. 9,,Steam,N,Not Started,,,9/19/2016,,,,
469,1001 Spikes,,Steam,N,Not Started,,,9/28/2016,,,,
470,6180 the moon,,Steam,N,Not Started,,,9/28/2016,,,,
471,Big Pharma,,Steam,N,Not Started,,,9/28/2016,,,,
472,CastleStorm,,Steam,N,Not Started,,,9/28/2016,,,,
473,Chaos Reborn,,Steam,N,Not Started,,,9/28/2016,,,,
474,Chariot,,Steam,N,Not Started,,,9/28/2016,,,,
475,Cloudbuilt,,Steam,N,Not Started,,,9/28/2016,,,,
476,Darksiders II: Deathinitive Edition,,Steam,N,Not Started,,,9/28/2016,,,,
477,DeadCore,,Steam,N,Not Started,,,9/28/2016,,,,
478,Downwell,,Steam,N,Not Started,,,9/28/2016,,,,
479,EDGE,,Steam,N,Not Started,,,9/28/2016,,,,
480,Electronic Super Joy,,Steam,N,Not Started,,,9/28/2016,,,,
481,Fairy Fencer F,,Steam,N,Not Started,,,9/28/2016,,,,
482,Frozen Cortex,,Steam,N,Not Started,,,9/28/2016,,,,
483,Frozen Synapse,,Steam,N,Not Started,,,9/28/2016,,,,
484,Full Bore,,Steam,N,Not Started,,,9/28/2016,,,,
485,Geometry Dash,,Steam,N,Not Started,,,9/28/2016,,,,
486,Gurumin: A Monstrous Adventure,,Steam,N,Not Started,,,9/28/2016,,,,
487,Half Minute Hero: Super Mega Neo Climax Ultimate Boy,,Steam,N,Not Started,,,9/28/2016,,,,
488,Half Minute Hero: The Second Coming,,Steam,N,Not Started,,,9/28/2016,,,,
489,Hell Yeah!,,Steam,N,Not Started,,,9/28/2016,,,,
490,Kairo,,Steam,N,Not Started,,,9/28/2016,,,,
491,Kingdom Rush,,Steam,N,Not Started,,,9/28/2016,,,,
492,Knights of Pen and Paper +1,,Steam,N,Not Started,,,9/28/2016,,,,
493,Lethal League,,Steam,N,Not Started,,,9/28/2016,,,,
494,Lux Delux,,Steam,N,Not Started,,,9/28/2016,,,,
495,Megabyte Punch,,Steam,N,Not Started,,,9/28/2016,,,,
496,Monaco,,Steam,N,Not Started,,,9/28/2016,,,,
497,Orcs Must Die!,,Steam,N,Not Started,,,9/28/2016,,,,
498,Out There Somewhere,,Steam,N,Not Started,,,9/28/2016,,,,
499,Polarity,,Steam,N,Not Started,,,9/28/2016,,,,
500,Qbeh-1: The Atlas Cube,,Steam,N,Not Started,,,9/28/2016,,,,
501,Reassembly,,Steam,N,Not Started,,,9/28/2016,,,,
502,RUSH,,Steam,N,Not Started,,,9/28/2016,,,,
503,Saints Row: The Third,,Steam,N,Not Started,,,9/28/2016,,,,
504,Sanctum 2,,Steam,N,Not Started,,,9/28/2016,,,,
505,Shattered Planet,,Steam,N,Not Started,,,9/28/2016,,,,
506,Sonic Adventure 2,,Steam,N,Not Started,,,9/28/2016,,,,
507,Sonic Adventure DX,,Steam,N,Completed,,,9/28/2016,9/28/2016,10/14/2016,10/14/2016,
508,Star Wars: Knights of the Old Republic II,,Steam,N,Not Started,,,9/28/2016,,,,
509,Tabletop Simulator,,Steam,N,Infinite,,,9/28/2016,,,,
510,The Last Federation,,Steam,N,Not Started,,,9/28/2016,,,,
511,Thomas Was Alone,,Steam,N,Not Started,,,9/28/2016,,,,
512,Timberman,,Steam,N,Not Started,,,9/28/2016,,,,
513,Tiny Brains,,Steam,N,Not Started,,,9/28/2016,,,,
514,Toki Tori,,Steam,N,Not Started,,,9/28/2016,,,,
515,Toki Tori 2+,,Steam,N,Not Started,,,9/28/2016,,,,
516,TRI: Of Friendship and Madness,,Steam,N,Not Started,,,9/28/2016,,,,
517,Trine,,Steam,N,Not Started,,,9/28/2016,,,,
518,Worms Clan Wars,,Steam,N,Completed,,,9/28/2016,11/30/2017,12/2/2017,12/2/2017,
519,Forza Horizon 3,,PC,N,Completed,,,10/5/2016,10/5/2016,10/18/2016,2/26/2017,
520,Path of Exile,,Steam,N,Started,,,10/22/2016,10/22/2016,,,
351,The Legend of Zelda: A Link Between Worlds,,3DS,N,Beaten,16,17,11/18/2013,11/24/2013,11/28/2013,,"Going for completion on Hero Mode. Awesome, awesome game. Hero Mode should make it a lot more challenging!"
294,The Legend of Zelda: Four Swords 25th Anniversary Edition,,3DS,N,Beaten,18,51,,,,,"Silver keys + 5 medals. You don''t know how many medals of courage I stole from people as a 5th grader. XD So when I realized that this was a FREE DOWNLOAD, I freaked out. One of the best multiplayer games ever."
416,The Legend of Zelda: Majora's Mask 3D,,3DS,N,Beaten,20,30,3/18/2015,3/18/2015,5/13/2016,,Optional stuff.
296,The Legend of Zelda: Tri-Force Heroes,,3DS,N,Beaten,16,23,,,11/18/2015,,Outfits.
449,Ultimate Angler,,3DS,Y,Beaten,,,8/30/2015,8/30/2015,12/23/2016,,"8/9 islands, 140/160 species, 20/22 tickets."
526,Pokemon Blue,,VCH,N,Beaten,,,11/4/2016,6/3/2018,6/6/2018,,
527,Pokemon Red,,VCH,N,Beaten,19,16,11/4/2016,11/4/2016,11/13/2016,,
528,DiRT Rally,,PS4,N,Completed,,,11/25/2016,11/25/2016,7/21/2017,7/21/2017,
529,PAC-MAN Championship Edition 2,,PS4,N,Started,,,11/25/2016,2/18/2017,,,
299,Warrior's Way,,3DS,N,Completed,,,,11/1/2013,11/29/2013,9/12/2014,IT'S OVER.
531,Bit Blaster XL,,Steam,N,Not Started,,,12/31/2016,,,,
532,JumpJet Rex,,Steam,N,Not Started,,,12/31/2016,,,,
533,Kingdoms of Amalur: Reckoning,,Steam,N,Not Started,,,12/31/2016,,,,
534,Mark of the Ninja: Special Edition,,Steam,N,Not Started,,,12/31/2016,,,,
535,Tales of Symphonia,,Steam,N,Not Started,,,12/31/2016,,,,
536,Disgaea PC,,Steam,N,Not Started,,,2/2/2017,,,,
537,Fire Emblem: Heroes,,Droid,N,Completed,,,2/6/2017,2/7/2017,2/9/2017,2/9/2017,
538,Final Fantasy XV,,PS4,N,Completed,,,3/21/2017,3/21/2017,5/20/2017,6/10/2017,
539,Uncharted: The Nathan Drake Collection,,PS4,N,Not Started,,,4/15/2017,,,,
540,DiRT 4,,PS4,N,Completed,,,6/10/2017,6/10/2017,6/24/2017,7/2/2017,
541,Burnstar,,Steam,N,Not Started,,,7/1/2017,,,,
542,Disgaea 5: Alliance of Vengeance,,PS4,N,Infinite,,,7/1/2017,8/29/2017,,,
543,Kingdom Hearts 358/2 Days,,PS4,N,Not Started,,,7/1/2017,,,,
544,Kingdom Hearts Birth by Sleep FINAL MIX,,PS4,N,Beaten,,,7/1/2017,11/30/2018,12/14/2018,,
545,Kingdom Hearts FINAL MIX,,PS4,Y,Started,,,7/1/2017,12/17/2018,,,
546,Kingdom Hearts II FINAL MIX,,PS4,N,Not Started,,,7/1/2017,,,,
547,Kingdom Hearts Re:Chain of Memories,,PS4,N,Not Started,,,7/1/2017,,,,
548,Kingdom Hearts Re:coded,,PS4,N,Not Started,,,7/1/2017,,,,
549,Ratchet & Clank,,PS4,N,Completed,,,7/1/2017,8/29/2017,9/13/2017,9/16/2017,
550,Rivals of Aether,,Steam,N,Not Started,,,7/1/2017,,,,
551,Stardew Valley,,Steam,N,Not Started,,,7/1/2017,,,,
552,Trackmania Turbo,,PS4,N,Infinite,,,7/1/2017,8/22/2017,,,
553,Mario Kart 8 Deluxe,,Switch,N,Completed,115,0,8/22/2017,8/22/2017,8/28/2017,1/24/2018,
554,Snipperclips,,Switch,N,Completed,5,0,9/16/2017,9/16/2017,5/2/2018,5/10/2018,
555,Super Mario Run,,Droid,N,Beaten,,,10/5/2017,10/5/2017,10/9/2017,,
556,Absolute Drift,,Steam,N,Completed,,,10/9/2017,10/9/2017,10/10/2017,10/10/2017,
557,Animal Crossing,,Switch,N,Wish List,,,,,,,
558,Captain Toad: Treasure Tracker,,Switch,N,Not Started,,,11/28/2019,,,,
559,Chocobo's Mystery Dungeon: Every Buddy,,Switch,N,Wish List,,,,,,,
560,Final Fantasy Crystal Chronicles,,Switch,N,Wish List,,,,,,,
561,Fire Emblem: Three Houses,,Switch,N,Wish List,,,,,,,
562,Hyrule Warriors: Definitive Edition,,Switch,N,Wish List,,,,,,,
563,Katamari Damacy REROLL,,Switch,N,Not Started,,,10/19/2019,,,,
564,Killer Queen Black,,Switch,N,Wish List,,,,,,,
565,Kirby Star Allies,,Switch,N,Wish List,,,,,,,
566,Luigi's Mansion 3,,Switch,N,Wish List,,,,,,,
567,Monster Boy and the Cursed Kingdom,,Switch,N,Wish List,,,,,,,
568,New Super Mario Bros. U Deluxe,,Switch,N,Not Started,,,11/28/2019,,,,
569,Oninaki,,Switch,N,Wish List,,,,,,,
570,Super Mario Maker 2,,Switch,N,Wish List,,,,,,,
571,Super Meat Boy Forever,,Switch,N,Wish List,,,,,,,
572,The Legend of Zelda: Link's Awakening,,Switch,N,Wish List,,,,,,,
573,Town,,Switch,N,Wish List,,,,,,,
574,Fire Emblem Warriors,,Switch,N,Infinite,65,0,10/28/2017,10/28/2017,10/31/2017,,
575,The Legend of Zelda: Breath of the Wild,,Switch,Y,Beaten,30,0,10/28/2017,10/29/2017,11/12/2018,,
576,Titan Quest Anniversary Edition,,Steam,N,Infinite,,,11/15/2017,11/15/2017,,,
577,Project Cars 2,,PS4,N,Completed,,,11/30/2017,11/30/2017,3/6/2018,4/19/2018,
578,Town of Salem,,Steam,N,Infinite,,,11/30/2017,,,,
579,Chroma Squad,,Steam,N,Not Started,,,12/31/2017,,,,
580,ShellShock Live,,Steam,N,Not Started,,,12/31/2017,,,,
581,Snakebird,,Steam,N,Not Started,,,12/31/2017,,,,
582,Throne of Lies,,Steam,N,Infinite,,,12/31/2017,,,,
583,Golf Story,,Switch,N,Completed,15,0,3/11/2018,3/11/2018,3/30/2018,3/30/2018,
584,Rocket League,,Switch,N,Infinite,115,0,3/11/2018,,,,
585,SUPER BOMBERMAN R,,Switch,N,Beaten,5,0,3/11/2018,4/8/2018,4/8/2018,,
586,Burnout Paradise Remastered,,PS4,N,Completed,,,4/28/2018,5/13/2018,5/19/2018,5/28/2018,
587,MapleStory 2,,PC,N,Infinite,,,5/10/2018,,,,
588,Wonder Boy: The Dragon's Trap,,Switch,N,Not Started,,0,5/20/2018,,,,
589,Gran Turismo Sport,,PS4,N,Beaten,23,0,6/13/2018,1/19/2019,5/14/2019,,Multiplayer trophies will be tough...
590,Splatoon 2,,Switch,N,Started,25,0,6/14/2018,6/14/2018,,,
591,Assault Android Cactus,,Steam,N,Not Started,,,6/21/2018,,,,
592,Enter the Gungeon,,Steam,N,Not Started,,,6/21/2018,,,,
593,Rayman Origins,,Steam,N,Not Started,,,6/21/2018,,,,
594,Undertale,,Steam,Y,Started,,,6/21/2018,11/15/2019,,,
595,Mario Tennis Aces,,Switch,N,Completed,30,0,6/23/2018,6/23/2018,6/23/2018,6/23/2018,
596,Beat Saber,,Steam,N,Infinite,,,7/19/2018,7/19/2018,,,
597,Horizon Zero Dawn: Complete Edition,,PS4,N,Not Started,,,8/25/2018,,,,
598,Steredenn,,Steam,N,Not Started,,,9/30/2018,,,,
599,Forza Horizon 4,,XB1,N,Completed,,,10/2/2018,10/2/2018,10/13/2018,11/30/2018,Placements.
600,Call of Duty: Black Ops 4,,XB1,Y,Beaten,,,10/28/2018,10/30/2018,10/30/2018,,It's in the tray.
601,Forza Horizon 2,,XB1,N,Beaten,,,10/29/2018,10/31/2018,11/5/2018,,Terrible event structure.
602,STEEP,,PS4,N,Not Started,,,11/3/2018,,,,
603,Gravel,,XB1,N,Completed,,,11/21/2018,11/24/2018,11/24/2018,11/25/2018,Gravely.
604,Okami HD,,Switch,N,Not Started,,0,11/23/2018,,,,
605,Crash Bandicoot N. Sane Trilogy,,XB1,Y,Started,,,11/29/2018,5/16/2019,,,Crash!
606,Gears of War 4,,XB1,N,Beaten,,,12/3/2018,12/3/2018,12/5/2018,,
607,Super Smash Bros. Ultimate,,Switch,Y,Started,,0,12/16/2018,12/16/2018,,,
608,Cities: Skylines,,Steam,N,Infinite,,,12/20/2018,,,,
609,Momodora: Reverie Under the Moonlight,,Steam,N,Not Started,,,12/20/2018,,,,
610,TINY METAL,,Steam,N,Not Started,,,12/20/2018,,,,
611,"Pokemon: Let''s Go, Pikachu!",,Switch,N,Completed,,0,12/28/2018,12/28/2018,1/3/2019,1/6/2019,
612,Octopath Traveler,,Switch,N,Not Started,,,1/9/2019,,,,
613,Puyo Puyo Tetris,,Switch,Y,Beaten,,,1/9/2019,12/21/2019,12/22/2019,,
614,Sonic Mania,,Switch,N,Started,,,1/9/2019,3/4/2020,,,
615,Tetris 99,,Switch,N,Infinite,,,2/13/2019,2/13/2019,2/18/2019,,First win on 2/18.
616,DiRT Rally 2.0,,XB1,N,Completed,,,2/26/2019,2/26/2019,3/16/2019,5/23/2019,
617,Super Mario Odyssey,,Switch,Y,Started,0,0,7/5/2019,,,,
618,A Hat in Time,,Steam,N,Not Started,,,4/30/2019,,,,
619,WORLD OF FINAL FANTASY,,PS4,N,Not Started,,,4/30/2019,,,,
620,Everybody's Golf,,PS4,N,Completed,,,4/30/2019,6/17/2019,6/23/2019,7/10/2019,
621,The Last Guardian,,PS4,N,Not Started,,,4/30/2019,,,,
622,Brut@l,,PS4,N,Not Started,,,4/30/2019,,,,
623,Tetris Effect,,PS4,N,Not Started,,,6/7/2019,,,,
624,Spyro Reignited Trilogy,,XB1,N,Not Started,,,6/7/2019,,,,
625,Final Fantasy XII: The Zodiac Age,,PS4,N,Not Started,,,6/7/2019,,,,
626,Wipeout Omega Collection,,PS4,Y,Started,,,43169,6/23/2019,,,
627,Moto Racer,,PS1,N,Completed,,,5/5/2019,5/5/2019,5/5/2019,5/5/2019,
628,Moto Racer 2,,PS1,N,Not Started,,,6/22/2019,,,,
629,Rally Cross 2,,PS1,N,Completed,,,6/22/2019,7/7/2019,7/7/2019,7/7/2019,
630,Virtual Pool,,PS1,N,Not Started,,,6/22/2019,,,,
631,Sublevel Zero,,Steam,N,Not Started,,,7/4/2019,,,,
632,Golf With Your Friends,,Steam,N,Not Started,,,7/4/2019,,,,
633,Slipstream,,Steam,N,Completed,8,,7/4/2019,10/31/2019,11/2/2019,11/2/2019,
634,MARVEL ULTIMATE ALLIANCE 3: The Black Order,,Switch,Y,Beaten,,,7/19/2019,7/19/2019,7/26/2019,,
635,Test Drive 4,,PS1,N,Not Started,,,8/25/2019,,,,
636,Test Drive 5,,PS1,N,Not Started,,,8/25/2019,,,,
637,Test Drive Off-Road,,PS1,N,Not Started,,,8/25/2019,,,,
638,ATV Offroad Fury 2,,PS2,N,Not Started,,,8/25/2019,,,,
639,ATV Offroad Fury 4,,PS2,N,Not Started,,,8/25/2019,,,,
640,SSX 3,,PS2,N,Not Started,,,8/25/2019,,,,
641,Shadow of the Colossus,,PS2,N,Not Started,,,8/25/2019,,,,
642,Ratchet & Clank,,PS2,N,Not Started,,,8/25/2019,,,,
643,Need for Speed: Underground 2,,PS2,N,Not Started,,,8/25/2019,,,,
644,Time Crisis,,PS1,N,Not Started,,,8/25/2019,,,,
645,Death Road to Canada,,Switch,N,Not Started,,,10/19/2019,,,,
646,Golf Peaks,,Switch,N,Completed,,,10/31/2019,12/24/2019,12/29/2019,12/29/2019,
647,Borderlands 3,,PS4,N,Completed,,,11/24/2019,9/13/2019,4/3/2020,4/14/2020,
648,Wreckfest,,PS4,N,Completed,,,11/24/2019,12/1/2019,12/12/2019,12/12/2019,
649,Donkey Kong Country: Tropical Freeze,,Switch,N,Not Started,,,11/28/2019,,,,
650,Ni no Kuni: Wrath of the White Witch,,Switch,N,Not Started,,,11/28/2019,,,,
651,Collection of Mana,Final Fantasy Adventure,Switch,N,Completed,,,11/28/2019,12/24/2019,12/27/2019,12/27/2019,
652,Collection of Mana,Secret of Mana,Switch,Y,Started,,,11/28/2019,12/27/2019,,,
653,Collection of Mana,Trials of Mana,Switch,N,Not Started,,,11/28/2019,,,,
654,Call of Duty: Modern Warfare,,XB1,Y,Started,,,11/28/2019,12/15/2019,,,
655,Mario + Rabbids Kingdom Battle,,Switch,N,Not Started,,,11/28/2019,,,,
656,Mega Man 11,,Switch,N,Not Started,,,11/28/2019,,,,
657,The Liar Princess and the Blind Prince,,Switch,N,Not Started,,,11/28/2019,,,,
658,Minecraft Dungeons,,Switch,N,Wish List,,,,,,,
659,Cyberpunk 2077,,XB1,N,Wish List,,,,,,,
660,The Legend of Wright,,XB1,N,Wish List,,,,,,,
661,Star Wars Jedi: Fallen Order,,XB1,N,Wish List,,,,,,,
662,The Legend of Zelda: Breath of the Wild,,Switch,N,Wish List,,,,,,,
663,The Last Remnant,,XB1,N,Wish List,,,,,,,
664,Circuit Superstars,,XB1,N,Wish List,,,,,,,
665,Marvel's Avengers,,XB1,N,Wish List,,,,,,,
666,Phantasy Star Online 2,,XB1,N,Wish List,,,,,,,
667,Anthem,,PS4,N,Not Started,,,12/25/2019,,,,
668,Pokemon Shield,,Switch,N,Not Started,,,12/25/2019,,,,
669,Sakuna: Of Rice and Ruin,,Switch,N,Wish List,,,,,,,
670,Elsie,,PC,N,Wish List,,,,,,,
671,The Pathless,,Epic Games,N,Wish List,,,,,,,
D001,RollerCoaster Tycoon,Corkscrew Follies,PC,N,Beaten,,,,,,,DELUXE.
D002,RollerCoaster Tycoon,Loopy Landscapes,PC,N,Beaten,,,,,,,
D003,StarCraft,Broodwar,PC,N,Completed,,,,,,,
D004,Call of Duty: Black Ops,First Strike,360,N,Beaten,,,,,,,
D005,Call of Duty: Black Ops II,Revolution,360,N,Beaten,,,,,,,
D006,Call of Duty: Black Ops II,Uprising,360,N,Beaten,,,,,,,
D007,DiRT 3,Monte Carlo Track Pack,360,N,Completed,,,,,,,
D008,DiRT 3,Mud and Guts Car Pack,360,N,Completed,,,,,,,
D009,DiRT 3,Power and Glory Car Pack,360,N,Completed,,,,,,,
D010,DiRT 3,Shibuya Track Pack,360,N,Completed,,,,,,,
D011,Sonic Adventure DX: Director's Cut,Sonic Adventure DX Upgrade,XBLA,N,Infinite,,,,,,,Null until Microsoft/SEGA fixes it (probably never).
D012,Trials Evolution,Origin of Pain,XBLA,N,Beaten,,,,,,,
D013,Trials Evolution,Riders of Doom,XBLA,N,Beaten,,,,,,,
D014,Borderlands 2,Captain Scarlett and Her Pirate's Booty,360,N,Completed,,,,,,,Done on UVHM!
D015,Borderlands 2,Mr. Torgue's Campaign of Carnage,360,N,Completed,,,,,,,Hey Moxxi.
D016,Borderlands 2,Sir Hammerlock's Big Game Hunt,360,N,Completed,,,,,,,Completed.
D017,Borderlands 2,Tiny Tina's Assault on Dragon Keep,360,N,Completed,,,,,,,TVHM.
D018,Burnout Paradise: The Ultimate Box,Bikes Pack,Steam,N,Beaten,,,,,,,2% complete.
D019,RESOGUN,Construction Kit,PS4,N,Beaten,,,,,,,
D020,RESOGUN,Heroes,PS4,N,Beaten,,,,,,,
D021,Trials Fusion,Empire of the Sky,PS4,N,Beaten,,,,,,,"Ugh, extreme."
D022,Trials Fusion,Riders of the Rustlands,PS4,N,Beaten,,,,,,,
D023,Overlord,Raising Hell,Steam,N,Infinite,,,,,,,Came with DiRT Humble Bundle. Never going to play. :P
D024,Diablo II,Lord of Destruction,PC,N,Beaten,,,,,,,Nightmare.
D025,Diablo III,Reaper of Souls,BNet,N,Beaten,,,,,,,54% of achievements.
D026,DRIVECLUB,All Stars,PS4,N,Completed,,,,,,,
D027,DRIVECLUB,AMG,PS4,N,Completed,,,,,,,
D028,DRIVECLUB,Apex,PS4,N,Completed,,,,,,,
D029,DRIVECLUB,Downforce,PS4,N,Completed,,,,,,,
D030,DRIVECLUB,Elements,PS4,N,Completed,,,,,,,
D031,DRIVECLUB,Evolution,PS4,N,Completed,,,,,,,
D032,DRIVECLUB,Horsepower,PS4,N,Completed,,,,,,,
D033,DRIVECLUB,Ignition,PS4,N,Completed,,,,,,,Too easy.
D034,DRIVECLUB,Lamborghini,PS4,N,Completed,,,,,,,
D035,DRIVECLUB,Lamborghini Icons,PS4,N,Completed,,,,,,,
D036,DRIVECLUB,Midnight,PS4,N,Completed,,,,,,,
D037,DRIVECLUB,Pacesetter,PS4,N,Completed,,,,,,,
D038,DRIVECLUB,Photo-Finish,PS4,N,Completed,,,,,,,
D039,DRIVECLUB,Redline,PS4,N,Completed,,,,,,,
D040,DRIVECLUB,RPM,PS4,N,Completed,,,,,,,
D041,DRIVECLUB,Sakura,PS4,N,Completed,,,,,,,
D042,DRIVECLUB,Torque,PS4,N,Completed,,,,,,,
D043,DRIVECLUB,Turbocharged,PS4,N,Completed,,,,,,,
D044,DRIVECLUB,Unite In Speed,PS4,N,Completed,,,,,,,
D045,DRIVECLUB,Velocity,PS4,N,Completed,,,,,,,
D046,Peggle 2,Jimmy Lightning Master Pack,PS4,N,Completed,,,,,,,
D047,Peggle 2,Windy the Fairy Master Pack,PS4,N,Completed,,,,,,,
D048,Burnout Paradise Remastered,Big Surf Island,PS4,N,Completed,,,4/28/2018,5/20/2018,5/27/2018,5/27/2018,
D049,Burnout Paradise Remastered,Bikes Pack,PS4,N,Completed,,,4/28/2018,5/27/2018,5/30/2018,5/30/2018,
D050,Burnout Paradise Remastered,Boost Specials,PS4,N,Completed,,,4/28/2018,5/27/2018,5/27/2018,5/27/2018,
D051,Burnout Paradise Remastered,Cagney Update,PS4,N,Completed,,,4/28/2018,5/13/2018,5/13/2018,5/20/2018,
D052,Burnout Paradise Remastered,Cops and Robbers,PS4,N,Completed,,,4/28/2018,5/19/2018,5/19/2018,5/19/2018,
D053,Burnout Paradise Remastered,Legendary Cars,PS4,N,Completed,,,4/28/2018,5/19/2018,5/20/2018,5/20/2018,
D054,Burnout Paradise Remastered,Party Pack,PS4,N,Completed,,,4/28/2018,5/20/2018,5/27/2018,5/27/2018,
D055,Burnout Paradise Remastered,Toy Cars,PS4,N,Completed,,,4/28/2018,5/27/2018,5/27/2018,5/27/2018,
D056,Forza Horizon 3,Blizzard Mountain,PC,N,Completed,,,10/3/2018,5/24/2019,6/13/2019,43659,
D057,Forza Horizon 3,Hot Wheels,PC,N,Completed,,,10/3/2018,5/24/2019,6/14/2019,6/27/2019,
D058,Borderlands 2,Commander Lilith and the Fight for Sanctuary,360,N,Completed,,,6/9/2019,6/17/2019,6/18/2019,6/18/2019,
D059,Borderlands 3,Moxxi's Heist of the Handsome Jackpot,PS4,N,Completed,,,11/24/2019,4/14/2020,43936,43939,
D060,Borderlands 3,"Guns, Love, and Tentacles",PS4,N,Completed,,,11/24/2019,43941,43943,43944,
